eeg_id,n_samples,n_bad,bad_channels,flat_channels,clipping_channels,extreme_amplitude_channels,low_neighbour_correlation_channels,r_c3_c4,c3c4_sum_diff_var_ratio,c3_low_corr_window_frac,c4_low_corr_window_frac,c3c4_satisfactory,bad_adjacent_pair,primary_eligible,sensitivity_eligible,n_epochs,n_epochs_flagged,n_ied_epochs,n_ied_epochs_flagged,ied_positive,pre_qc_eligible_ied
DA001003,594000,0,,,,,,-0.972,0.014,0.01,0.061,True,False,True,True,297,0,0,0,False,False
DA001005,582500,0,,,,,,-0.997,0.0018,0.0,0.0,True,False,True,True,292,0,0,0,False,False
DA001006,585000,0,,,,,,-0.999,0.0005,0.003,0.017,True,False,True,True,293,2,0,0,False,False
DA001007,653000,0,,,,,,-0.999,0.0006,0.0,0.003,True,False,True,True,327,1,0,0,False,False
DA001008,595000,0,,,,,,-0.999,0.0005,0.0,0.007,True,False,True,True,298,0,0,0,False,False
DA001009,585000,0,,,,,,-0.999,0.0003,0.031,0.065,True,False,True,True,293,0,0,0,False,False
DA00100A,599500,0,,,,,,-0.997,0.0016,0.0,0.003,True,False,True,True,300,0,0,0,False,False
DA00100B,604500,0,,,,,,-0.998,0.0011,0.007,0.003,True,False,True,True,303,0,0,0,False,False
DA00100C,613500,0,,,,,,-0.998,0.001,0.0,0.0,True,False,True,True,307,0,0,0,False,False
DA00100D,594500,0,,,,,,-0.965,0.0178,0.0,0.017,True,False,True,True,298,0,0,0,False,False
DA00100E,625500,0,,,,,,-0.968,0.0162,0.013,0.016,True,False,True,True,313,0,0,0,False,False
DA00100F,599500,1,Cz,,,,Cz,-0.999,0.0007,0.013,0.007,True,False,False,True,300,1,0,0,False,False
DA00100G,606000,0,,,,,,-0.994,0.0029,0.215,0.01,True,False,True,True,303,0,0,0,False,False
DA00100H,605000,2,Fp1;O1,,,Fp1;O1,,-0.999,0.0006,0.0,0.013,True,False,False,True,303,0,0,0,False,False
DA00100I,610500,0,,,,,,-0.998,0.0008,0.0,0.0,True,False,True,True,306,1,0,0,False,False
DA00100K,629500,0,,,,,,-0.997,0.0015,0.003,0.0,True,False,True,True,315,0,0,0,False,False
DA00100L,592500,0,,,,,,-0.999,0.0004,0.003,0.003,True,False,True,True,297,2,0,0,False,False
DA00100M,611000,0,,,,,,-0.999,0.0004,0.0,0.0,True,False,True,True,306,2,0,0,False,False
DA00100N,591000,0,,,,,,-0.975,0.0128,0.007,0.0,True,False,True,True,296,0,0,0,False,False
DA00100O,607500,0,,,,,,-0.998,0.0009,0.007,0.0,True,False,True,True,304,0,0,0,False,False
DA00100P,595000,0,,,,,,-0.999,0.0004,0.0,0.0,True,False,True,True,298,1,0,0,False,False
DA00100Q,584500,0,,,,,,-0.997,0.0014,0.0,0.003,True,False,True,True,293,0,0,0,False,False
DA00100R,590500,0,,,,,,-0.999,0.0003,0.0,0.0,True,False,True,True,296,2,17,0,True,True
DA00100S,605000,0,,,,,,-0.997,0.0014,0.0,0.003,True,False,True,True,303,0,29,0,True,True
DA00100T,577000,0,,,,,,-0.999,0.0004,0.0,0.0,True,False,True,True,289,0,8,0,True,True
DA00100U,626000,0,,,,,,-0.999,0.0003,0.0,0.01,True,False,True,True,313,1,38,0,True,True
DA00100V,631500,0,,,,,,-0.999,0.0003,0.003,0.038,True,False,True,True,316,0,40,0,True,True
DA00100W,680500,0,,,,,,-0.987,0.0064,0.0,0.0,True,False,True,True,341,0,22,0,True,True
DA00100X,621000,0,,,,,,-1.0,0.0001,0.013,0.0,True,False,True,True,311,0,9,0,True,True
DA00100Y,607000,0,,,,,,-0.781,0.1313,0.0,0.026,True,False,True,True,304,0,75,0,True,True
DA00100Z,623500,0,,,,,,-0.997,0.0016,0.003,0.0,True,False,True,True,312,0,4,0,True,False
DA001010,593500,0,,,,,,-0.999,0.0004,0.003,0.003,True,False,True,True,297,3,20,0,True,True
DA00102Q,578500,0,,,,,,-1.0,0.0002,0.007,0.0,True,False,True,True,290,1,11,0,True,True
DA00102R,590000,0,,,,,,-0.999,0.0005,0.003,0.017,True,False,True,True,295,1,31,0,True,True
DA00102S,602000,0,,,,,,-0.947,0.027,0.013,0.053,True,False,True,True,301,1,19,0,True,True
DA00102T,587000,0,,,,,,-1.0,0.0001,0.003,0.014,True,False,True,True,294,1,226,0,True,True
DA00102U,589000,0,,,,,,-0.999,0.0003,0.0,0.003,True,False,True,True,295,1,9,0,True,True
DA00102V,615000,0,,,,,,-0.999,0.0005,0.0,0.0,True,False,True,True,308,0,5,0,True,True
DA00102W,551000,0,,,,,,-0.999,0.0004,0.0,0.0,True,False,True,True,276,0,198,0,True,True
DA00102X,616500,0,,,,,,-1.0,0.0002,0.003,0.013,True,False,True,True,309,1,2,0,True,False
DA00102Y,614000,0,,,,,,-0.994,0.0029,0.007,0.062,True,False,True,True,307,0,203,0,True,True
DA001030,635500,0,,,,,,-1.0,0.0002,0.0,0.0,True,False,True,True,318,0,30,0,True,True
DA001031,585000,0,,,,,,-1.0,0.0001,0.0,0.0,True,False,True,True,293,0,78,0,True,True
DA001032,600500,0,,,,,,-0.999,0.0007,0.0,0.0,True,False,True,True,301,0,11,0,True,True
DA001033,602500,0,,,,,,-0.999,0.0004,0.01,0.007,True,False,True,True,302,1,19,0,True,True
DA001034,592500,0,,,,,,-0.998,0.0011,0.01,0.0,True,False,True,True,297,0,10,0,True,True
DA001035,615500,0,,,,,,-0.998,0.001,0.0,0.0,True,False,True,True,308,0,5,0,True,True
DA001036,708500,1,Fp2,,,Fp2,,-0.998,0.0009,0.031,0.006,True,False,False,True,355,0,6,0,True,True
DA001037,624000,1,O2,,,O2,,-0.996,0.0021,0.0,0.0,True,False,False,True,312,0,86,0,True,True
DA001038,613000,0,,,,,,-0.999,0.0005,0.0,0.0,True,False,True,True,307,0,31,0,True,True
DA001039,602000,0,,,,,,-0.999,0.0006,0.0,0.003,True,False,True,True,301,0,11,0,True,True
DA00103A,614500,0,,,,,,-1.0,0.0001,0.007,0.003,True,False,True,True,308,0,192,0,True,True
DA00103B,588000,0,,,,,,-0.999,0.0004,0.007,0.007,True,False,True,True,294,0,12,0,True,True
DA00103C,698000,0,,,,,,-0.999,0.0004,0.0,0.0,True,False,True,True,349,0,80,0,True,True
DA00103D,599000,0,,,,,,-0.997,0.0013,0.0,0.0,True,False,True,True,300,1,100,0,True,True
DA00103E,623000,0,,,,,,-1.0,0.0001,0.0,0.003,True,False,True,True,312,0,46,0,True,True
DA00103F,601500,0,,,,,,-1.0,0.0002,0.0,0.0,True,False,True,True,301,0,35,0,True,True
DA00103G,604000,0,,,,,,-0.991,0.0045,0.0,0.0,True,False,True,True,302,0,2,0,True,False
DA00103H,580000,1,F7,,,F7,,-1.0,0.0002,0.0,0.0,True,False,False,True,290,0,15,0,True,True
DA00103I,593500,0,,,,,,-0.996,0.0021,0.0,0.0,True,False,True,True,297,0,3,0,True,False
DA00103J,594000,0,,,,,,-0.999,0.0006,0.007,0.0,True,False,True,True,297,3,36,0,True,True
DA00103K,618500,1,Fp1,,,Fp1,,-0.988,0.0061,0.0,0.0,True,False,False,True,310,1,77,0,True,True
DA00103L,559000,0,,,,,,-1.0,0.0002,0.122,0.0,True,False,True,True,280,0,63,0,True,True
DA00103M,590000,0,,,,,,-0.999,0.0005,0.0,0.007,True,False,True,True,295,2,50,0,True,True
DA00103N,599000,0,,,,,,-0.999,0.0007,0.003,0.003,True,False,True,True,300,0,44,0,True,True
DA00103O,613000,0,,,,,,-0.994,0.0028,0.0,0.0,True,False,True,True,307,0,16,0,True,True
DA00103P,588500,0,,,,,,-1.0,0.0001,0.0,0.0,True,False,True,True,295,0,20,0,True,True
DA00103Q,607500,0,,,,,,-1.0,0.0,0.003,0.0,True,False,True,True,304,0,239,0,True,True
DA00103R,615500,0,,,,,,-0.998,0.0011,0.0,0.003,True,False,True,True,308,0,5,0,True,True
DA00103S,588000,0,,,,,,-1.0,0.0002,0.0,0.0,True,False,True,True,294,0,100,0,True,True
DA00103T,561500,0,,,,,,-0.984,0.0081,0.0,0.0,True,False,True,True,281,1,31,0,True,True
DA00103U,607500,1,Pz,,,,Pz,-1.0,0.0002,0.0,0.0,True,False,False,True,304,1,92,0,True,True
DA00103V,600000,0,,,,,,-0.996,0.0019,0.0,0.0,True,False,True,True,300,0,2,0,True,False
DC113049,599500,0,,,,,,-0.999,0.0005,0.007,0.043,True,False,True,True,300,0,3,0,True,False
DC11304C,613500,0,,,,,,-0.994,0.0032,0.0,0.0,True,False,True,True,307,0,0,0,False,False
DC11304D,613000,0,,,,,,-1.0,0.0002,0.229,0.124,True,False,True,True,307,0,0,0,False,False
DC11304E,597500,0,,,,,,-0.996,0.0022,0.0,0.0,True,False,True,True,299,0,0,0,False,False
DC11304F,586000,0,,,,,,-0.996,0.0022,0.0,0.0,True,False,True,True,293,0,0,0,False,False
DC11304G,605000,0,,,,,,-0.995,0.0024,0.003,0.0,True,False,True,True,303,0,0,0,False,False
DC11304H,613500,0,,,,,,-1.0,0.0002,0.059,0.078,True,False,True,True,307,1,0,0,False,False
DC11304I,619000,0,,,,,,-0.999,0.0003,0.003,0.0,True,False,True,True,310,0,0,0,False,False
DC11304J,604000,0,,,,,,-0.993,0.0036,0.003,0.06,True,False,True,True,302,0,0,0,False,False
DC11304K,607000,0,,,,,,-0.999,0.0003,0.0,0.0,True,False,True,True,304,0,0,0,False,False
DC11304L,592000,0,,,,,,-0.956,0.0227,0.014,0.007,True,False,True,True,296,0,0,0,False,False
