eeg_id,n_channels_stored,n_channels_expected,channel_count_complete,n_samples,duration_s,channel_names_in_file,scope
DA001003,29,29,True,594000,1188.0,False,structural: eeg_data array shape only; no bad-channel or signal-quality assessment
DA001005,29,29,True,582500,1165.0,False,structural: eeg_data array shape only; no bad-channel or signal-quality assessment
DA001006,29,29,True,585000,1170.0,False,structural: eeg_data array shape only; no bad-channel or signal-quality assessment
DA001007,29,29,True,653000,1306.0,False,structural: eeg_data array shape only; no bad-channel or signal-quality assessment
DA001008,29,29,True,595000,1190.0,False,structural: eeg_data array shape only; no bad-channel or signal-quality assessment
DA001009,29,29,True,585000,1170.0,False,structural: eeg_data array shape only; no bad-channel or signal-quality assessment
DA00100A,29,29,True,599500,1199.0,False,structural: eeg_data array shape only; no bad-channel or signal-quality assessment
DA00100B,29,29,True,604500,1209.0,False,structural: eeg_data array shape only; no bad-channel or signal-quality assessment
DA00100C,29,29,True,613500,1227.0,False,structural: eeg_data array shape only; no bad-channel or signal-quality assessment
DA00100D,29,29,True,594500,1189.0,False,structural: eeg_data array shape only; no bad-channel or signal-quality assessment
DA00100E,29,29,True,625500,1251.0,False,structural: eeg_data array shape only; no bad-channel or signal-quality assessment
DA00100F,29,29,True,599500,1199.0,False,structural: eeg_data array shape only; no bad-channel or signal-quality assessment
DA00100G,29,29,True,606000,1212.0,False,structural: eeg_data array shape only; no bad-channel or signal-quality assessment
DA00100H,29,29,True,605000,1210.0,False,structural: eeg_data array shape only; no bad-channel or signal-quality assessment
DA00100I,29,29,True,610500,1221.0,False,structural: eeg_data array shape only; no bad-channel or signal-quality assessment
DA00100K,29,29,True,629500,1259.0,False,structural: eeg_data array shape only; no bad-channel or signal-quality assessment
DA00100L,29,29,True,592500,1185.0,False,structural: eeg_data array shape only; no bad-channel or signal-quality assessment
DA00100M,29,29,True,611000,1222.0,False,structural: eeg_data array shape only; no bad-channel or signal-quality assessment
DA00100N,29,29,True,591000,1182.0,False,structural: eeg_data array shape only; no bad-channel or signal-quality assessment
DA00100O,29,29,True,607500,1215.0,False,structural: eeg_data array shape only; no bad-channel or signal-quality assessment
DA00100P,29,29,True,595000,1190.0,False,structural: eeg_data array shape only; no bad-channel or signal-quality assessment
DA00100Q,29,29,True,584500,1169.0,False,structural: eeg_data array shape only; no bad-channel or signal-quality assessment
DA00100R,29,29,True,590500,1181.0,False,structural: eeg_data array shape only; no bad-channel or signal-quality assessment
DA00100S,29,29,True,605000,1210.0,False,structural: eeg_data array shape only; no bad-channel or signal-quality assessment
DA00100T,29,29,True,577000,1154.0,False,structural: eeg_data array shape only; no bad-channel or signal-quality assessment
DA00100U,29,29,True,626000,1252.0,False,structural: eeg_data array shape only; no bad-channel or signal-quality assessment
DA00100V,29,29,True,631500,1263.0,False,structural: eeg_data array shape only; no bad-channel or signal-quality assessment
DA00100W,29,29,True,680500,1361.0,False,structural: eeg_data array shape only; no bad-channel or signal-quality assessment
DA00100X,29,29,True,621000,1242.0,False,structural: eeg_data array shape only; no bad-channel or signal-quality assessment
DA00100Y,29,29,True,607000,1214.0,False,structural: eeg_data array shape only; no bad-channel or signal-quality assessment
DA00100Z,29,29,True,623500,1247.0,False,structural: eeg_data array shape only; no bad-channel or signal-quality assessment
DA001010,29,29,True,593500,1187.0,False,structural: eeg_data array shape only; no bad-channel or signal-quality assessment
DA00102Q,29,29,True,578500,1157.0,False,structural: eeg_data array shape only; no bad-channel or signal-quality assessment
DA00102R,29,29,True,590000,1180.0,False,structural: eeg_data array shape only; no bad-channel or signal-quality assessment
DA00102S,29,29,True,602000,1204.0,False,structural: eeg_data array shape only; no bad-channel or signal-quality assessment
DA00102T,29,29,True,587000,1174.0,False,structural: eeg_data array shape only; no bad-channel or signal-quality assessment
DA00102U,29,29,True,589000,1178.0,False,structural: eeg_data array shape only; no bad-channel or signal-quality assessment
DA00102V,29,29,True,615000,1230.0,False,structural: eeg_data array shape only; no bad-channel or signal-quality assessment
DA00102W,29,29,True,551000,1102.0,False,structural: eeg_data array shape only; no bad-channel or signal-quality assessment
DA00102X,29,29,True,616500,1233.0,False,structural: eeg_data array shape only; no bad-channel or signal-quality assessment
DA00102Y,29,29,True,614000,1228.0,False,structural: eeg_data array shape only; no bad-channel or signal-quality assessment
DA001030,29,29,True,635500,1271.0,False,structural: eeg_data array shape only; no bad-channel or signal-quality assessment
DA001031,29,29,True,585000,1170.0,False,structural: eeg_data array shape only; no bad-channel or signal-quality assessment
DA001032,29,29,True,600500,1201.0,False,structural: eeg_data array shape only; no bad-channel or signal-quality assessment
DA001033,29,29,True,602500,1205.0,False,structural: eeg_data array shape only; no bad-channel or signal-quality assessment
DA001034,29,29,True,592500,1185.0,False,structural: eeg_data array shape only; no bad-channel or signal-quality assessment
DA001035,29,29,True,615500,1231.0,False,structural: eeg_data array shape only; no bad-channel or signal-quality assessment
DA001036,29,29,True,708500,1417.0,False,structural: eeg_data array shape only; no bad-channel or signal-quality assessment
DA001037,29,29,True,624000,1248.0,False,structural: eeg_data array shape only; no bad-channel or signal-quality assessment
DA001038,29,29,True,613000,1226.0,False,structural: eeg_data array shape only; no bad-channel or signal-quality assessment
DA001039,29,29,True,602000,1204.0,False,structural: eeg_data array shape only; no bad-channel or signal-quality assessment
DA00103A,29,29,True,614500,1229.0,False,structural: eeg_data array shape only; no bad-channel or signal-quality assessment
DA00103B,29,29,True,588000,1176.0,False,structural: eeg_data array shape only; no bad-channel or signal-quality assessment
DA00103C,29,29,True,698000,1396.0,False,structural: eeg_data array shape only; no bad-channel or signal-quality assessment
DA00103D,29,29,True,599000,1198.0,False,structural: eeg_data array shape only; no bad-channel or signal-quality assessment
DA00103E,29,29,True,623000,1246.0,False,structural: eeg_data array shape only; no bad-channel or signal-quality assessment
DA00103F,29,29,True,601500,1203.0,False,structural: eeg_data array shape only; no bad-channel or signal-quality assessment
DA00103G,29,29,True,604000,1208.0,False,structural: eeg_data array shape only; no bad-channel or signal-quality assessment
DA00103H,29,29,True,580000,1160.0,False,structural: eeg_data array shape only; no bad-channel or signal-quality assessment
DA00103I,29,29,True,593500,1187.0,False,structural: eeg_data array shape only; no bad-channel or signal-quality assessment
DA00103J,29,29,True,594000,1188.0,False,structural: eeg_data array shape only; no bad-channel or signal-quality assessment
DA00103K,29,29,True,618500,1237.0,False,structural: eeg_data array shape only; no bad-channel or signal-quality assessment
DA00103L,29,29,True,559000,1118.0,False,structural: eeg_data array shape only; no bad-channel or signal-quality assessment
DA00103M,29,29,True,590000,1180.0,False,structural: eeg_data array shape only; no bad-channel or signal-quality assessment
DA00103N,29,29,True,599000,1198.0,False,structural: eeg_data array shape only; no bad-channel or signal-quality assessment
DA00103O,29,29,True,613000,1226.0,False,structural: eeg_data array shape only; no bad-channel or signal-quality assessment
DA00103P,29,29,True,588500,1177.0,False,structural: eeg_data array shape only; no bad-channel or signal-quality assessment
DA00103Q,29,29,True,607500,1215.0,False,structural: eeg_data array shape only; no bad-channel or signal-quality assessment
DA00103R,29,29,True,615500,1231.0,False,structural: eeg_data array shape only; no bad-channel or signal-quality assessment
DA00103S,29,29,True,588000,1176.0,False,structural: eeg_data array shape only; no bad-channel or signal-quality assessment
DA00103T,29,29,True,561500,1123.0,False,structural: eeg_data array shape only; no bad-channel or signal-quality assessment
DA00103U,29,29,True,607500,1215.0,False,structural: eeg_data array shape only; no bad-channel or signal-quality assessment
DA00103V,29,29,True,600000,1200.0,False,structural: eeg_data array shape only; no bad-channel or signal-quality assessment
DC113049,29,29,True,599500,1199.0,False,structural: eeg_data array shape only; no bad-channel or signal-quality assessment
DC11304C,29,29,True,613500,1227.0,False,structural: eeg_data array shape only; no bad-channel or signal-quality assessment
DC11304D,29,29,True,613000,1226.0,False,structural: eeg_data array shape only; no bad-channel or signal-quality assessment
DC11304E,29,29,True,597500,1195.0,False,structural: eeg_data array shape only; no bad-channel or signal-quality assessment
DC11304F,29,29,True,586000,1172.0,False,structural: eeg_data array shape only; no bad-channel or signal-quality assessment
DC11304G,29,29,True,605000,1210.0,False,structural: eeg_data array shape only; no bad-channel or signal-quality assessment
DC11304H,29,29,True,613500,1227.0,False,structural: eeg_data array shape only; no bad-channel or signal-quality assessment
DC11304I,29,29,True,619000,1238.0,False,structural: eeg_data array shape only; no bad-channel or signal-quality assessment
DC11304J,29,29,True,604000,1208.0,False,structural: eeg_data array shape only; no bad-channel or signal-quality assessment
DC11304K,29,29,True,607000,1214.0,False,structural: eeg_data array shape only; no bad-channel or signal-quality assessment
DC11304L,29,29,True,592000,1184.0,False,structural: eeg_data array shape only; no bad-channel or signal-quality assessment
