eeg_id,analysis_set,group_before,group_after,evaluable_states_after,n_ied_wake,n_nonied_wake,n_ied_sleep,n_nonied_sleep,excluded_short,excluded_edge,excluded_epoch_qc,excluded_ied_no_marker,excluded_nonied_marker,excluded_adjacent,excluded_state,excluded_edge_ied
DA001003,primary,F,F,,0,236,0,0,0,2,0,0,0,0,59,0
DA001005,primary,F,F,,0,289,0,0,1,2,0,0,0,0,0,0
DA001006,primary,F,F,,0,109,0,178,1,2,2,0,0,0,1,0
DA001007,primary,F,F,,0,48,0,263,1,2,1,0,0,0,12,0
DA001008,pilot,F,F,,0,7,0,286,1,2,0,0,0,0,2,0
DA001009,primary,F,F,,0,290,0,0,1,2,0,0,0,0,0,0
DA00100A,primary,F,F,,0,297,0,0,1,2,0,0,0,0,0,0
DA00100B,primary,F,F,,0,300,0,0,1,2,0,0,0,0,0,0
DA00100C,primary,F,F,,0,0,0,304,1,2,0,0,0,0,0,0
DA00100D,primary,F,F,,0,295,0,0,1,2,0,0,0,0,0,0
DA00100E,primary,F,F,,0,310,0,0,1,2,0,0,0,0,0,0
DA00100F,sensitivity_only,F,F,,0,296,0,0,1,2,1,0,0,0,0,0
DA00100G,pilot,F,F,,0,301,0,0,0,2,0,0,0,0,0,0
DA00100H,sensitivity_only,F,F,,0,0,0,300,1,2,0,0,0,0,0,0
DA00100I,primary,F,F,,0,15,0,277,1,2,1,0,0,0,10,0
DA00100K,primary,F,F,,0,77,0,232,1,2,0,0,0,0,3,0
DA00100L,primary,F,F,,0,155,0,128,1,2,2,0,0,0,9,0
DA00100M,primary,F,F,,0,301,0,0,1,2,2,0,0,0,0,0
DA00100N,primary,F,F,,0,120,0,149,1,2,0,0,0,0,24,0
DA00100O,primary,F,F,,0,301,0,0,1,2,0,0,0,0,0,0
DA00100P,primary,F,F,,0,0,0,285,1,2,1,0,0,0,9,0
DA00100Q,primary,F,F,,0,290,0,0,1,2,0,0,0,0,0,0
DA00100R,primary,E,E,sleep,0,0,17,243,1,2,2,0,0,31,0,0
DA00100S,primary,E,E,wake,29,229,0,0,1,2,0,0,0,42,0,0
DA00100T,primary,E,E,sleep,0,0,8,262,1,2,0,0,0,16,0,0
DA00100U,pilot,E,E,wake,38,226,0,0,0,2,1,0,0,46,0,0
DA00100V,primary,E,E,sleep,0,0,39,206,1,2,0,0,1,67,0,1
DA00100W,primary,E,E,wake,21,277,0,0,1,2,0,0,0,40,0,1
DA00100X,primary,E,E,sleep,0,0,9,285,1,2,0,0,0,14,0,0
DA00100Y,primary,E,E,wake+sleep,16,171,49,8,1,2,0,9,2,45,1,1
DA00100Z,primary,N,N,,0,31,3,266,1,2,0,0,0,7,2,1
DA001010,primary,E,E,wake,20,236,0,0,1,2,3,0,0,35,0,0
DA00102Q,primary,E,E,sleep,0,108,11,142,1,2,1,0,1,18,6,0
DA00102R,primary,E,E,wake+sleep,15,161,16,59,0,2,1,0,0,38,3,0
DA00102S,primary,E,E,wake+sleep,13,221,6,33,0,2,1,0,0,24,1,0
DA00102T,primary,E,E,wake,14,22,210,2,1,2,1,0,3,38,1,1
DA00102U,pilot,E,E,sleep,0,0,8,268,1,2,1,0,0,15,0,1
DA00102V,primary,E,E,sleep,0,0,5,290,1,2,0,0,0,10,0,0
DA00102W,primary,E,E,sleep,154,1,37,17,1,2,0,0,2,57,5,1
DA00102X,primary,N,N,,0,0,2,299,1,2,1,0,0,4,0,0
DA00102Y,primary,E,E,wake,199,39,0,0,0,2,0,3,3,61,0,1
DA001030,primary,E,E,sleep,0,0,30,235,1,2,0,0,3,47,0,0
DA001031,primary,E,E,sleep,0,0,77,129,1,2,0,0,3,81,0,1
DA001032,primary,E,E,sleep,0,0,11,274,1,2,0,0,0,13,0,0
DA001033,primary,E,E,sleep,0,9,18,255,1,2,1,0,0,14,2,0
DA001034,primary,E,E,sleep,0,5,9,262,1,2,0,0,0,17,1,1
DA001035,primary,E,E,sleep,0,0,5,291,1,2,0,0,0,9,0,0
DA001036,sensitivity_only,E,E,wake,5,334,0,0,1,2,0,0,2,11,0,1
DA001037,sensitivity_only,E,E,wake+sleep,9,87,77,65,0,2,0,0,1,65,6,0
DA001038,primary,E,E,sleep,3,33,27,190,1,2,0,0,0,45,6,1
DA001039,primary,E,E,sleep,0,0,11,268,0,2,0,0,0,20,0,0
DA00103A,pilot,E,E,sleep,0,0,192,60,1,2,0,0,0,53,0,0
DA00103B,primary,E,E,wake,12,259,0,0,0,2,0,0,0,21,0,0
DA00103C,primary,E,E,wake+sleep,60,153,19,15,0,2,0,0,5,95,0,1
DA00103D,primary,E,E,sleep,0,98,100,41,1,2,1,0,2,52,3,0
DA00103E,primary,E,E,sleep,0,0,45,196,1,2,0,0,2,66,0,1
DA00103F,primary,E,E,sleep,0,0,34,217,1,2,0,0,0,47,0,1
DA00103G,primary,N,N,,2,295,0,0,0,2,0,0,0,3,0,0
DA00103H,sensitivity_only,E,E,sleep,0,0,15,243,0,2,0,0,1,29,0,0
DA00103I,primary,N,N,,0,4,2,280,1,2,0,0,0,5,3,1
DA00103J,primary,E,E,wake+sleep,29,124,7,73,0,2,3,0,2,52,5,0
DA00103K,sensitivity_only,E,E,sleep,0,12,76,183,1,2,1,0,4,27,4,1
DA00103L,primary,E,E,wake+sleep,36,110,26,29,1,2,0,0,1,71,4,0
DA00103M,primary,E,E,sleep,0,26,44,129,0,2,2,0,3,75,14,1
DA00103N,primary,E,E,wake,43,234,0,0,1,2,0,0,0,20,0,1
DA00103O,primary,E,E,sleep,1,0,13,263,1,2,0,0,0,27,0,2
DA00103P,primary,E,E,sleep,0,0,20,237,1,2,0,0,0,35,0,0
DA00103Q,pilot,E,N,,0,0,238,3,1,2,0,0,1,59,0,1
DA00103R,primary,E,N,,0,0,4,292,1,2,0,0,0,9,0,1
DA00103S,primary,E,E,sleep,0,0,100,79,0,2,0,0,3,110,0,0
DA00103T,pilot,E,E,wake+sleep,22,162,8,37,1,2,1,0,1,42,5,1
DA00103U,sensitivity_only,E,E,sleep,0,61,91,65,1,2,1,0,3,78,2,0
DA00103V,primary,N,N,,2,292,0,0,0,2,0,0,0,4,0,0
DC113049,primary,N,N,,3,288,0,0,1,2,0,0,0,6,0,0
DC11304C,pilot,F,F,,0,304,0,0,1,2,0,0,0,0,0,0
DC11304D,primary,F,F,,0,304,0,0,1,2,0,0,0,0,0,0
DC11304E,primary,F,F,,0,0,0,296,1,2,0,0,0,0,0,0
DC11304F,primary,F,F,,0,291,0,0,0,2,0,0,0,0,0,0
DC11304G,primary,F,F,,0,300,0,0,1,2,0,0,0,0,0,0
DC11304H,primary,F,F,,0,303,0,0,1,2,1,0,0,0,0,0
DC11304I,primary,F,F,,0,6,0,300,1,2,0,0,0,0,1,0
DC11304J,primary,F,F,,0,203,0,90,0,2,0,0,0,0,7,0
DC11304K,primary,F,F,,0,0,0,301,1,2,0,0,0,0,0,0
DC11304L,primary,F,F,,0,249,0,42,0,2,0,0,0,0,3,0
