eeg_id,analysis_set,group,n_ied_epochs,n_central,n_outer_only,n_no_marker,outer_only_share
DA00100R,primary,E,17,12,5,0,0.2941
DA00100S,primary,E,29,14,15,0,0.5172
DA00100T,primary,E,8,5,3,0,0.375
DA00100U,pilot,E,38,25,13,0,0.3421
DA00100V,primary,E,40,19,21,0,0.525
DA00100W,primary,E,22,13,9,0,0.4091
DA00100X,primary,E,9,5,4,0,0.4444
DA00100Y,primary,E,75,46,20,9,0.303
DA00100Z,primary,N,4,4,0,0,0.0
DA001010,primary,E,20,9,11,0,0.55
DA00102Q,primary,E,11,6,5,0,0.4545
DA00102R,primary,E,31,21,10,0,0.3226
DA00102S,primary,E,19,10,9,0,0.4737
DA00102T,primary,E,226,194,32,0,0.1416
DA00102U,pilot,E,9,3,6,0,0.6667
DA00102V,primary,E,5,4,1,0,0.2
DA00102W,primary,E,198,146,52,0,0.2626
DA00102X,primary,N,2,1,1,0,0.5
DA00102Y,primary,E,203,171,29,3,0.145
DA001030,primary,E,30,18,12,0,0.4
DA001031,primary,E,78,58,20,0,0.2564
DA001032,primary,E,11,6,5,0,0.4545
DA001033,primary,E,19,17,2,0,0.1053
DA001034,primary,E,10,5,5,0,0.5
DA001035,primary,E,5,3,2,0,0.4
DA001036,sensitivity_only,E,6,3,3,0,0.5
DA001037,sensitivity_only,E,86,59,27,0,0.314
DA001038,primary,E,31,17,14,0,0.4516
DA001039,primary,E,11,6,5,0,0.4545
DA00103A,pilot,E,192,174,18,0,0.0938
DA00103B,primary,E,12,6,6,0,0.5
DA00103C,primary,E,80,42,38,0,0.475
DA00103D,primary,E,100,74,26,0,0.26
DA00103E,primary,E,46,29,17,0,0.3696
DA00103F,primary,E,35,20,15,0,0.4286
DA00103G,primary,N,2,1,1,0,0.5
DA00103H,sensitivity_only,E,15,11,4,0,0.2667
DA00103I,primary,N,3,2,1,0,0.3333
DA00103J,primary,E,36,23,13,0,0.3611
DA00103K,sensitivity_only,E,77,62,15,0,0.1948
DA00103L,primary,E,63,38,25,0,0.3968
DA00103M,primary,E,50,29,21,0,0.42
DA00103N,primary,E,44,38,6,0,0.1364
DA00103O,primary,E,16,11,5,0,0.3125
DA00103P,primary,E,20,14,6,0,0.3
DA00103Q,pilot,E,239,181,58,0,0.2427
DA00103R,primary,E,5,4,1,0,0.2
DA00103S,primary,E,100,59,41,0,0.41
DA00103T,pilot,E,31,12,19,0,0.6129
DA00103U,sensitivity_only,E,92,57,35,0,0.3804
DA00103V,primary,N,2,1,1,0,0.5
DC113049,primary,N,3,0,3,0,1.0
