analysis_set,state,bin_start_s,bin_end_s,n_point_markers
pilot,sleep,0.0,0.25,31
pilot,sleep,0.25,0.5,31
pilot,sleep,0.5,0.75,39
pilot,sleep,0.75,1.0,38
pilot,sleep,1.0,1.25,33
pilot,sleep,1.25,1.5,25
pilot,sleep,1.5,1.75,41
pilot,sleep,1.75,2.0,22
pilot,sleep,2.0,2.25,27
pilot,sleep,2.25,2.5,29
pilot,sleep,2.5,2.75,33
pilot,sleep,2.75,3.0,32
pilot,sleep,3.0,3.25,38
pilot,sleep,3.25,3.5,28
pilot,sleep,3.5,3.75,31
pilot,sleep,3.75,4.0,27
pilot,wake,0.0,0.25,2
pilot,wake,0.25,0.5,9
pilot,wake,0.5,0.75,4
pilot,wake,0.75,1.0,3
pilot,wake,1.0,1.25,5
pilot,wake,1.25,1.5,5
pilot,wake,1.75,2.0,2
pilot,wake,2.0,2.25,1
pilot,wake,2.25,2.5,6
pilot,wake,2.5,2.75,3
pilot,wake,2.75,3.0,4
pilot,wake,3.0,3.25,5
pilot,wake,3.25,3.5,7
pilot,wake,3.5,3.75,3
pilot,wake,3.75,4.0,5
primary,mixed,0.0,0.25,3
primary,mixed,0.25,0.5,2
primary,mixed,0.5,0.75,2
primary,mixed,1.0,1.25,1
primary,mixed,1.25,1.5,2
primary,mixed,1.5,1.75,1
primary,mixed,1.75,2.0,1
primary,mixed,2.25,2.5,3
primary,mixed,2.5,2.75,1
primary,mixed,3.0,3.25,2
primary,mixed,3.5,3.75,2
primary,mixed,3.75,4.0,2
primary,sleep,0.0,0.25,75
primary,sleep,0.25,0.5,90
primary,sleep,0.5,0.75,71
primary,sleep,0.75,1.0,82
primary,sleep,1.0,1.25,93
primary,sleep,1.25,1.5,99
primary,sleep,1.5,1.75,88
primary,sleep,1.75,2.0,90
primary,sleep,2.0,2.25,100
primary,sleep,2.25,2.5,90
primary,sleep,2.5,2.75,101
primary,sleep,2.75,3.0,102
primary,sleep,3.0,3.25,97
primary,sleep,3.25,3.5,74
primary,sleep,3.5,3.75,89
primary,sleep,3.75,4.0,81
primary,wake,0.0,0.25,35
primary,wake,0.25,0.5,45
primary,wake,0.5,0.75,53
primary,wake,0.75,1.0,43
primary,wake,1.0,1.25,45
primary,wake,1.25,1.5,47
primary,wake,1.5,1.75,47
primary,wake,1.75,2.0,38
primary,wake,2.0,2.25,51
primary,wake,2.25,2.5,59
primary,wake,2.5,2.75,47
primary,wake,2.75,3.0,46
primary,wake,3.0,3.25,43
primary,wake,3.25,3.5,44
primary,wake,3.5,3.75,52
primary,wake,3.75,4.0,45
sensitivity_only,sleep,0.0,0.25,18
sensitivity_only,sleep,0.25,0.5,28
sensitivity_only,sleep,0.5,0.75,18
sensitivity_only,sleep,0.75,1.0,21
sensitivity_only,sleep,1.0,1.25,22
sensitivity_only,sleep,1.25,1.5,25
sensitivity_only,sleep,1.5,1.75,22
sensitivity_only,sleep,1.75,2.0,28
sensitivity_only,sleep,2.0,2.25,24
sensitivity_only,sleep,2.25,2.5,32
sensitivity_only,sleep,2.5,2.75,31
sensitivity_only,sleep,2.75,3.0,14
sensitivity_only,sleep,3.0,3.25,15
sensitivity_only,sleep,3.25,3.5,22
sensitivity_only,sleep,3.5,3.75,16
sensitivity_only,sleep,3.75,4.0,17
sensitivity_only,wake,0.0,0.25,1
sensitivity_only,wake,0.25,0.5,2
sensitivity_only,wake,1.25,1.5,1
sensitivity_only,wake,1.5,1.75,1
sensitivity_only,wake,1.75,2.0,1
sensitivity_only,wake,3.0,3.25,1
