eeg_id,n_channels,n_samples,n_flat_rows,unique_sample_frac_fp1,notch_db_eeg,notch_db_ecg,notch_db_emg,eeg_60_65_db,eeg_80_85_db,eeg_100_120_db,ecg_100_120_db,emg_100_120_db,emg_5_10_db,r_c3_c4,c3c4_sum_diff_var_ratio,scalp_mean_var_ratio,r_a1_a2,rho_topography,perm_p_topography,aux_lateral_matches,pass_notch,pass_lowpass_eeg,pass_lowpass_eeg_only,pass_c3c4_anticorrelation,pass_common_reference,pass_scalp_topography,pass_ecg_rows,pass_emg_rows
DA001003,29,594000,0,1.0,-42.962,-39.976,-38.937,1.217,-15.334,-68.55,-10.14,-9.798,-67.477,-0.972,0.014,0.128,0.521,-0.612,0.0,4,True,True,True,True,True,True,True,True
DA001005,29,582500,0,1.0,-39.66,-40.895,-38.913,-0.431,-17.074,-70.057,-15.131,-14.823,-61.841,-0.997,0.002,0.117,0.412,-0.813,0.0,4,True,True,True,True,True,True,True,True
DA001006,29,585000,0,1.0,-39.13,-39.504,-37.368,-3.794,-22.582,-76.34,-15.514,-15.901,-62.478,-0.999,0.001,0.311,0.867,-0.713,0.0,4,True,True,True,True,True,True,True,True
DA001007,29,653000,0,1.0,-40.072,-36.262,-37.407,-0.147,-17.2,-68.589,-14.139,-10.606,-54.144,-0.999,0.001,0.202,0.564,-0.765,0.0,4,True,True,True,True,True,True,True,True
DA001008,29,595000,0,1.0,-39.285,-42.309,-39.93,-3.808,-27.305,-82.839,-18.941,-15.268,-55.85,-0.999,0.001,0.314,0.885,-0.694,0.0,4,True,True,True,True,True,True,True,True
DA001009,29,585000,0,1.0,-40.812,-42.395,-41.998,-5.896,-24.868,-78.348,-20.543,-19.501,-63.175,-0.999,0.0,0.202,0.684,-0.778,0.0,4,True,True,True,True,True,True,True,True
DA00100A,29,599500,0,1.0,-37.788,-35.719,-36.889,-1.594,-19.526,-73.034,-14.791,-9.89,-66.072,-0.997,0.002,0.12,0.379,-0.803,0.0,4,True,True,True,True,True,True,True,True
DA00100B,29,604500,0,1.0,-32.087,-29.833,-30.619,-1.126,-18.425,-72.042,-14.893,-11.126,-65.361,-0.998,0.001,0.129,0.41,-0.638,0.0,4,True,True,True,True,True,True,True,True
DA00100C,29,613500,0,1.0,-29.576,-29.91,-30.017,-3.711,-20.955,-74.204,-19.917,-18.227,-59.676,-0.998,0.001,0.201,0.729,-0.821,0.0,4,True,True,True,True,True,True,True,True
DA00100D,29,594500,0,1.0,-41.891,-41.031,-38.341,-1.453,-18.782,-71.67,-16.265,-13.019,-59.698,-0.965,0.018,0.124,0.324,-0.716,0.0,2,True,True,True,True,True,True,True,True
DA00100E,29,625500,0,1.0,-36.898,-35.65,-36.544,1.439,-17.54,-70.93,-12.131,-9.67,-65.816,-0.968,0.016,0.124,0.368,-0.685,0.0,4,True,True,True,True,True,True,True,True
DA00100F,29,599500,0,1.0,-40.066,-34.271,-39.766,2.334,-15.91,-68.08,-9.614,-7.701,-63.68,-0.999,0.001,0.066,0.127,-0.436,0.0,4,True,True,True,True,True,True,False,True
DA00100G,29,606000,0,1.0,-37.581,-39.886,-38.117,0.212,-17.383,-70.898,-18.365,-10.75,-61.418,-0.994,0.003,0.092,0.794,-0.601,0.0,4,True,True,True,True,True,True,True,True
DA00100H,29,605000,0,1.0,-35.325,-43.909,-39.957,-7.517,-27.952,-82.713,-19.027,-19.721,-51.881,-0.999,0.001,0.273,0.802,-0.761,0.0,4,True,True,True,True,True,True,True,True
DA00100I,29,610500,0,1.0,-39.389,-41.798,-40.44,0.448,-17.083,-70.267,-12.821,-14.242,-59.528,-0.998,0.001,0.111,0.683,-0.587,0.0,3,True,True,True,True,True,True,True,True
DA00100K,29,629500,0,1.0,-36.325,-38.241,-38.287,0.003,-18.015,-71.214,-16.991,-20.035,-60.576,-0.997,0.001,0.256,0.686,-0.756,0.0,4,True,True,True,True,True,True,True,True
DA00100L,29,592500,0,1.0,-33.22,-30.627,-33.464,1.265,-16.38,-69.367,-9.36,-13.241,-63.568,-0.999,0.0,0.219,0.578,-0.679,0.0,4,True,True,True,True,True,True,True,True
DA00100M,29,611000,0,1.0,-40.261,-42.063,-42.974,-3.446,-21.77,-75.647,-17.211,-13.864,-59.607,-0.999,0.0,0.147,0.583,-0.828,0.0,4,True,True,True,True,True,True,True,True
DA00100N,29,591000,0,1.0,-42.22,-39.077,-31.623,1.435,-17.3,-69.002,-14.913,-14.416,-55.13,-0.975,0.013,0.254,0.625,-0.816,0.0,4,True,True,True,True,True,True,True,True
DA00100O,29,607500,0,1.0,-33.19,-36.467,-25.107,-4.09,-22.219,-76.194,-18.575,-11.724,-56.88,-0.998,0.001,0.198,0.647,-0.783,0.0,4,True,True,True,True,True,True,True,True
DA00100P,29,595000,0,1.0,-39.402,-41.185,-36.485,-2.903,-21.183,-74.799,-18.606,-15.988,-59.302,-0.999,0.0,0.247,0.845,-0.748,0.0,3,True,True,True,True,True,True,True,True
DA00100Q,29,584500,0,1.0,-40.59,-41.308,-41.159,-3.575,-22.512,-76.452,-14.618,-14.989,-57.369,-0.997,0.001,0.171,0.308,-0.786,0.0,4,True,True,True,True,True,True,True,True
DA00100R,29,590500,0,1.0,-36.297,-26.248,-34.267,-1.862,-20.259,-74.997,-13.335,-14.491,-56.783,-0.999,0.0,0.429,0.366,-0.776,0.0,4,True,True,True,True,True,True,True,True
DA00100S,29,605000,0,1.0,-31.004,-38.303,-35.481,-3.95,-21.562,-74.685,-13.44,-13.53,-58.497,-0.997,0.001,0.186,0.678,-0.836,0.0,4,True,True,True,True,True,True,True,True
DA00100T,29,577000,0,1.0,-38.472,-38.575,-33.131,-7.662,-26.407,-80.219,-20.978,-16.482,-59.978,-0.999,0.0,0.111,0.64,-0.829,0.0,4,True,True,True,True,True,True,True,True
DA00100U,29,626000,0,1.0,-36.005,-39.982,-38.794,-0.596,-17.875,-71.396,-16.435,-11.88,-61.429,-0.999,0.0,0.136,0.259,-0.746,0.0,4,True,True,True,True,True,True,True,True
DA00100V,29,631500,0,1.0,-33.247,-31.646,-39.737,-1.456,-18.856,-71.974,-15.443,-9.583,-55.342,-0.999,0.0,0.229,0.639,-0.73,0.0,4,True,True,True,True,True,True,True,True
DA00100W,29,680500,0,1.0,-41.693,-41.052,-34.055,-0.66,-17.799,-69.856,-13.326,-7.28,-61.392,-0.987,0.006,0.125,0.466,-0.788,0.0,4,True,True,True,True,True,True,True,True
DA00100X,29,621000,0,1.0,-39.052,-41.277,-39.131,-4.456,-22.411,-76.306,-19.602,-16.234,-58.177,-1.0,0.0,0.325,0.837,-0.739,0.0,4,True,True,True,True,True,True,True,True
DA00100Y,29,607000,0,1.0,-41.608,-36.758,-39.053,-6.883,-27.263,-81.706,-15.531,-14.392,-53.061,-0.781,0.131,0.315,0.583,-0.26,0.003,0,True,True,True,False,True,True,True,True
DA00100Z,29,623500,0,1.0,-40.049,-42.474,-41.679,-1.313,-19.617,-73.09,-17.542,-12.179,-59.587,-0.997,0.002,0.194,0.441,-0.692,0.0,4,True,True,True,True,True,True,True,True
DA001010,29,593500,0,1.0,-41.032,-41.164,-42.833,-5.073,-23.669,-77.615,-14.282,-11.373,-65.426,-0.999,0.0,0.185,0.315,-0.683,0.0,3,True,True,True,True,True,True,True,True
DA00102Q,29,578500,0,1.0,-41.747,-40.522,-42.417,0.399,-16.374,-71.199,-14.2,-12.907,-59.856,-1.0,0.0,0.251,0.554,-0.812,0.0,4,True,True,True,True,True,True,True,True
DA00102R,29,590000,0,1.0,-36.734,-37.172,-31.236,-0.01,-16.943,-70.546,-17.878,-12.74,-59.803,-0.999,0.0,0.156,0.642,-0.795,0.0,4,True,True,True,True,True,True,True,True
DA00102S,29,602000,0,1.0,-38.333,-35.996,-37.659,-3.648,-21.943,-76.091,-15.146,-8.822,-66.145,-0.947,0.027,0.194,0.529,-0.815,0.0,4,True,True,True,True,True,True,True,True
DA00102T,29,587000,0,1.0,-36.734,-39.838,-39.732,-6.63,-24.342,-79.991,-14.211,-13.607,-49.066,-1.0,0.0,0.124,0.801,-0.643,0.0,4,True,True,True,True,True,True,True,True
DA00102U,29,589000,0,1.0,-34.111,-37.443,-35.811,-4.538,-21.213,-77.208,-20.386,-20.68,-60.543,-0.999,0.0,0.195,0.714,-0.779,0.0,4,True,True,True,True,True,True,True,True
DA00102V,29,615000,0,1.0,-30.401,-31.588,-28.738,-0.428,-15.297,-68.143,-19.188,-16.943,-60.874,-0.999,0.001,0.138,0.76,-0.805,0.0,4,True,True,True,True,True,True,True,True
DA00102W,29,551000,0,1.0,-36.979,-34.227,-31.481,-1.685,-18.473,-71.31,-13.076,-9.146,-51.7,-0.999,0.0,0.114,0.12,-0.829,0.0,4,True,True,True,True,True,True,True,True
DA00102X,29,616500,0,1.0,-35.29,-41.264,-38.719,-7.635,-27.431,-83.996,-21.728,-15.765,-59.493,-1.0,0.0,0.316,0.876,-0.675,0.0,3,True,True,True,True,True,True,True,True
DA00102Y,29,614000,0,1.0,-37.493,-37.965,-34.517,0.576,-18.043,-70.282,-14.098,-9.414,-57.307,-0.994,0.003,0.112,0.533,-0.775,0.0,4,True,True,True,True,True,True,True,True
DA001030,29,635500,0,1.0,-36.494,-35.52,-35.889,-6.462,-27.52,-84.211,-14.057,-22.829,-59.457,-1.0,0.0,0.271,0.792,-0.74,0.0,3,True,True,True,True,True,True,True,True
DA001031,29,585000,0,1.0,-39.148,-38.39,-33.107,-4.96,-23.094,-76.761,-15.79,-15.742,-54.908,-1.0,0.0,0.249,0.637,-0.813,0.0,4,True,True,True,True,True,True,True,True
DA001032,29,600500,0,1.0,-24.047,-29.092,-26.194,-8.703,-28.131,-82.401,-20.366,-21.602,-55.263,-0.999,0.001,0.252,0.766,-0.792,0.0,4,True,True,True,True,True,True,True,True
DA001033,29,602500,0,1.0,-41.859,-39.777,-37.004,0.049,-18.09,-71.524,-14.072,-12.274,-55.553,-0.999,0.0,0.39,0.774,-0.746,0.0,4,True,True,True,True,True,True,True,True
DA001034,29,592500,0,1.0,-39.181,-39.075,-36.232,0.135,-17.322,-69.504,-14.241,-10.977,-57.074,-0.998,0.001,0.231,0.702,-0.807,0.0,4,True,True,True,True,True,True,True,True
DA001035,29,615500,0,1.0,-32.077,-31.505,-31.71,-6.126,-24.597,-78.081,-18.705,-19.572,-51.933,-0.998,0.001,0.268,0.682,-0.82,0.0,4,True,True,True,True,True,True,True,True
DA001036,29,708500,0,1.0,-35.282,-34.324,-32.835,-2.964,-21.553,-76.093,-18.115,-12.756,-61.265,-0.998,0.001,0.159,0.441,-0.772,0.0,4,True,True,True,True,True,True,True,True
DA001037,29,624000,0,1.0,-38.389,-36.985,-26.036,-3.482,-20.77,-72.915,-22.452,-18.828,-63.018,-0.996,0.002,0.148,0.478,-0.81,0.0,4,True,True,True,True,True,True,True,True
DA001038,29,613000,0,1.0,-39.33,-42.565,-42.36,0.262,-17.458,-71.011,-15.05,-14.466,-57.211,-0.999,0.001,0.196,0.748,-0.769,0.0,4,True,True,True,True,True,True,True,True
DA001039,29,602000,0,1.0,-31.963,-32.536,-28.688,-6.865,-27.006,-81.818,-18.772,-19.426,-53.592,-0.999,0.001,0.191,0.806,-0.763,0.0,4,True,True,True,True,True,True,True,True
DA00103A,29,614500,0,1.0,-39.27,-42.084,-38.46,-11.619,-33.05,-89.457,-24.719,-21.658,-56.362,-1.0,0.0,0.245,0.89,-0.714,0.0,4,True,True,True,True,True,True,True,True
DA00103B,29,588000,0,1.0,-37.544,-36.006,-35.972,-2.077,-19.961,-74.149,-9.429,-12.888,-55.512,-0.999,0.0,0.12,0.666,-0.697,0.0,4,True,True,True,True,True,True,True,True
DA00103C,29,698000,0,1.0,-39.165,-37.757,-36.742,-1.305,-18.372,-70.881,-12.958,-13.255,-56.846,-0.999,0.0,0.149,0.632,-0.868,0.0,4,True,True,True,True,True,True,True,True
DA00103D,29,599000,0,1.0,-34.315,-31.673,-31.726,-1.677,-18.631,-71.241,-19.639,-15.319,-63.651,-0.997,0.001,0.29,0.77,-0.719,0.0,4,True,True,True,True,True,True,True,True
DA00103E,29,623000,0,1.0,-38.664,-41.367,-41.524,-5.086,-22.914,-76.705,-21.885,-15.864,-56.549,-1.0,0.0,0.199,0.576,-0.835,0.0,4,True,True,True,True,True,True,True,True
DA00103F,29,601500,0,1.0,-35.853,-38.124,-39.018,-0.636,-17.468,-70.094,-7.995,-11.258,-49.822,-1.0,0.0,0.185,0.666,-0.819,0.0,4,True,True,True,True,True,True,True,True
DA00103G,29,604000,0,1.0,-36.588,-38.988,-40.298,-3.074,-21.287,-76.364,-18.849,-7.147,-60.844,-0.991,0.005,0.107,0.46,-0.74,0.0,4,True,True,True,True,True,True,True,True
DA00103H,29,580000,0,1.0,-29.381,-33.027,-31.08,-11.36,-33.461,-89.296,-19.797,-20.349,-58.168,-1.0,0.0,0.273,0.75,-0.807,0.0,4,True,True,True,True,True,True,True,True
DA00103I,29,593500,0,1.0,-39.234,-40.845,-38.066,-2.579,-19.655,-72.668,-18.563,-15.304,-60.523,-0.996,0.002,0.229,0.628,-0.829,0.0,4,True,True,True,True,True,True,True,True
DA00103J,29,594000,0,1.0,-32.758,-28.942,-36.056,0.413,-16.599,-69.582,-12.331,-15.004,-57.503,-0.999,0.001,0.165,0.192,-0.829,0.0,4,True,True,True,True,True,True,True,True
DA00103K,29,618500,0,1.0,-42.105,-37.827,-34.916,-0.432,-16.719,-69.565,-9.051,-11.407,-59.489,-0.988,0.006,0.27,0.841,-0.699,0.0,4,True,True,True,True,True,True,True,True
DA00103L,29,559000,0,1.0,-38.302,-38.211,-36.208,-6.754,-23.567,-76.222,-20.093,-14.146,-54.894,-1.0,0.0,0.243,0.421,-0.844,0.0,4,True,True,True,True,True,True,True,True
DA00103M,29,590000,0,1.0,-31.071,-34.721,-33.454,0.449,-16.718,-69.524,-17.467,-11.884,-55.883,-0.999,0.001,0.165,-0.085,-0.74,0.0,4,True,True,True,True,True,True,True,True
DA00103N,29,599000,0,1.0,-41.341,-41.536,-38.128,-1.356,-18.977,-71.765,-16.527,-13.751,-60.667,-0.999,0.001,0.181,0.729,-0.747,0.0,4,True,True,True,True,True,True,True,True
DA00103O,29,613000,0,1.0,-38.832,-40.561,-40.051,-7.291,-27.824,-83.147,-24.958,-15.315,-56.877,-0.994,0.003,0.281,0.839,-0.729,0.0,3,True,True,True,True,True,True,True,True
DA00103P,29,588500,0,1.0,-42.083,-42.079,-39.767,0.267,-17.485,-71.615,-13.912,-10.732,-62.532,-1.0,0.0,0.26,0.741,-0.796,0.0,4,True,True,True,True,True,True,True,True
DA00103Q,29,607500,0,1.0,-39.415,-42.857,-41.761,-5.985,-23.447,-79.512,-25.941,-21.577,-58.904,-1.0,0.0,0.229,0.84,-0.796,0.0,4,True,True,True,True,True,True,True,True
DA00103R,29,615500,0,1.0,-35.329,-33.181,-32.795,-9.094,-27.052,-81.629,-21.41,-21.504,-55.573,-0.998,0.001,0.221,0.775,-0.746,0.0,4,True,True,True,True,True,True,True,True
DA00103S,29,588000,0,1.0,-37.432,-37.651,-38.164,-8.331,-26.72,-80.643,-11.743,-14.037,-48.338,-1.0,0.0,0.164,0.559,-0.835,0.0,4,True,True,True,True,True,True,True,True
DA00103T,29,561500,0,1.0,-38.62,-34.516,-37.022,-0.289,-17.972,-71.405,-12.989,-11.356,-55.063,-0.984,0.008,0.119,0.246,-0.774,0.0,4,True,True,True,True,True,True,True,True
DA00103U,29,607500,0,1.0,-34.601,-38.295,-40.975,-4.032,-22.166,-76.509,-18.951,-18.676,-57.722,-1.0,0.0,0.039,0.432,-0.559,0.0,4,True,True,True,True,False,True,True,True
DA00103V,29,600000,0,1.0,-40.644,-39.042,-39.795,0.824,-16.36,-68.228,-13.666,-10.767,-59.642,-0.996,0.002,0.172,0.553,-0.811,0.0,4,True,True,True,True,True,True,True,True
DC113049,29,599500,0,1.0,-31.561,-32.107,-37.739,-2.552,-20.701,-74.667,-17.191,-14.383,-59.452,-0.999,0.0,0.198,0.58,-0.767,0.0,4,True,True,True,True,True,True,True,True
DC11304C,29,613500,0,1.0,-30.384,-33.071,-29.495,-2.141,-19.512,-72.98,-19.121,-15.876,-56.143,-0.994,0.003,0.162,0.617,-0.816,0.0,4,True,True,True,True,True,True,True,True
DC11304D,29,613000,0,1.0,-42.78,-41.257,-41.51,2.978,-13.63,-66.938,-11.774,-8.206,-70.79,-1.0,0.0,0.332,0.625,-0.768,0.0,4,True,True,True,True,True,True,True,True
DC11304E,29,597500,0,1.0,-38.878,-41.723,-38.426,-3.757,-21.164,-73.623,-19.73,-20.945,-53.273,-0.996,0.002,0.211,0.566,-0.839,0.0,4,True,True,True,True,True,True,True,True
DC11304F,29,586000,0,1.0,-31.842,-25.581,-23.965,-0.444,-17.673,-71.373,-9.542,-8.362,-60.172,-0.996,0.002,0.138,0.484,-0.669,0.0,4,True,True,True,True,True,True,True,True
DC11304G,29,605000,0,1.0,-36.289,-35.073,-29.347,-0.42,-17.238,-70.08,-13.732,-9.76,-54.726,-0.995,0.002,0.149,0.618,-0.799,0.0,4,True,True,True,True,True,True,True,True
DC11304H,29,613500,0,1.0,-37.779,-35.233,-38.013,-4.047,-22.428,-77.058,-19.578,-16.358,-61.942,-1.0,0.0,0.148,0.215,-0.785,0.0,3,True,True,True,True,True,True,True,True
DC11304I,29,619000,0,1.0,-39.24,-41.152,-42.161,-7.013,-28.02,-83.989,-22.832,-18.383,-52.713,-0.999,0.0,0.28,0.902,-0.727,0.0,4,True,True,True,True,True,True,True,True
DC11304J,29,604000,0,1.0,-32.893,-37.747,-33.924,-6.612,-23.618,-75.986,-20.403,-15.795,-54.567,-0.993,0.004,0.301,0.827,-0.705,0.0,4,True,True,True,True,True,True,True,True
DC11304K,29,607000,0,1.0,-23.475,-34.567,-35.044,-5.879,-24.101,-78.263,-14.983,-12.422,-55.356,-0.999,0.0,0.29,0.875,-0.763,0.0,4,True,True,True,True,True,True,True,True
DC11304L,29,592000,0,1.0,-39.471,-40.146,-35.732,-0.912,-18.956,-71.645,-17.212,-14.481,-58.484,-0.956,0.023,0.058,0.136,-0.471,0.0,4,True,True,True,True,True,True,True,True
