eeg_id,n_channels,n_samples,duration_s,max_epoch_end_equals_n_samples,n_events,n_ied_point_events,n_ied_runs,n_marker_problems,n_state_markers,first_state,n_epochs,n_ied_epochs,ep_non-IED,ep_generalized,ep_frontal,ep_temporal,ep_centro-parietal,ep_occipital,n_ied_classes,dominant_class,dominant_share,ep_wake,ep_sleep,ep_mixed,ep_unlabelled,ied_ep_wake,ied_ep_sleep,ied_ep_mixed,ied_ep_unlabelled,ied_epoch_without_event,non_ied_epoch_with_event
DA001003,29,594000,1188.0,True,3,0,0,0,3,wake,297,0,297,0,0,0,0,0,0,,,237,0,0,60,0,0,0,0,0,0
DA001005,29,582500,1165.0,True,2,0,0,0,2,wake,292,0,292,0,0,0,0,0,0,,,292,0,0,0,0,0,0,0,0,0
DA001006,29,585000,1170.0,True,4,0,0,0,4,wake,293,0,293,0,0,0,0,0,0,,,112,180,1,0,0,0,0,0,0,0
DA001007,29,653000,1306.0,True,17,0,0,0,17,sleep,327,0,327,0,0,0,0,0,0,,,49,266,12,0,0,0,0,0,0,0
DA001008,29,595000,1190.0,True,6,0,0,0,6,sleep,298,0,298,0,0,0,0,0,0,,,7,289,2,0,0,0,0,0,0,0
DA001009,29,585000,1170.0,True,2,0,0,0,2,wake,293,0,293,0,0,0,0,0,0,,,293,0,0,0,0,0,0,0,0,0
DA00100A,29,599500,1199.0,True,2,0,0,0,2,wake,300,0,300,0,0,0,0,0,0,,,300,0,0,0,0,0,0,0,0,0
DA00100B,29,604500,1209.0,True,2,0,0,0,2,wake,303,0,303,0,0,0,0,0,0,,,303,0,0,0,0,0,0,0,0,0
DA00100C,29,613500,1227.0,True,4,0,0,0,4,sleep,307,0,307,0,0,0,0,0,0,,,0,307,0,0,0,0,0,0,0,0
DA00100D,29,594500,1189.0,True,2,0,0,0,2,wake,298,0,298,0,0,0,0,0,0,,,298,0,0,0,0,0,0,0,0,0
DA00100E,29,625500,1251.0,True,2,0,0,0,2,wake,313,0,313,0,0,0,0,0,0,,,313,0,0,0,0,0,0,0,0,0
DA00100F,29,599500,1199.0,True,3,0,0,0,3,wake,300,0,300,0,0,0,0,0,0,,,299,0,0,1,0,0,0,0,0,0
DA00100G,29,606000,1212.0,True,2,0,0,0,2,wake,303,0,303,0,0,0,0,0,0,,,303,0,0,0,0,0,0,0,0,0
DA00100H,29,605000,1210.0,True,3,0,0,0,3,sleep,303,0,303,0,0,0,0,0,0,,,0,303,0,0,0,0,0,0,0,0
DA00100I,29,610500,1221.0,True,14,0,0,0,14,sleep,306,0,306,0,0,0,0,0,0,,,15,281,10,0,0,0,0,0,0,0
DA00100K,29,629500,1259.0,True,6,0,0,0,6,wake,315,0,315,0,0,0,0,0,0,,,78,234,3,0,0,0,0,0,0,0
DA00100L,29,592500,1185.0,True,11,0,0,0,11,wake,297,0,297,0,0,0,0,0,0,,,160,128,9,0,0,0,0,0,0,0
DA00100M,29,611000,1222.0,True,2,0,0,0,2,wake,306,0,306,0,0,0,0,0,0,,,306,0,0,0,0,0,0,0,0,0
DA00100N,29,591000,1182.0,True,7,0,0,0,7,sleep,296,0,296,0,0,0,0,0,0,,,122,149,3,22,0,0,0,0,0,0
DA00100O,29,607500,1215.0,True,2,0,0,0,2,wake,304,0,304,0,0,0,0,0,0,,,304,0,0,0,0,0,0,0,0,0
DA00100P,29,595000,1190.0,True,3,0,0,0,3,sleep,298,0,298,0,0,0,0,0,0,,,0,288,0,10,0,0,0,0,0,0
DA00100Q,29,584500,1169.0,True,2,0,0,0,2,wake,293,0,293,0,0,0,0,0,0,,,293,0,0,0,0,0,0,0,0,0
DA00100R,29,590500,1181.0,True,23,17,0,0,6,sleep,296,17,279,0,17,0,0,0,1,frontal,1.0,0,296,0,0,0,17,0,0,0,0
DA00100S,29,605000,1210.0,True,31,29,0,0,2,wake,303,29,274,0,0,29,0,0,1,temporal,1.0,303,0,0,0,29,0,0,0,0,0
DA00100T,29,577000,1154.0,True,11,8,0,0,3,sleep,289,8,281,0,0,8,0,0,1,temporal,1.0,0,289,0,0,0,8,0,0,0,0
DA00100U,29,626000,1252.0,True,44,36,3,0,2,wake,313,38,275,0,37,1,0,0,2,frontal,0.974,313,0,0,0,38,0,0,0,0,0
DA00100V,29,631500,1263.0,True,59,52,0,0,7,sleep,316,40,276,0,28,12,0,0,2,frontal,0.7,0,316,0,0,0,40,0,0,0,1
DA00100W,29,680500,1361.0,True,27,21,2,0,2,wake,341,22,319,0,22,0,0,0,1,frontal,1.0,341,0,0,0,22,0,0,0,0,0
DA00100X,29,621000,1242.0,True,24,7,5,0,7,sleep,311,9,302,9,0,0,0,0,1,generalized,1.0,0,311,0,0,0,9,0,0,0,0
DA00100Y,29,607000,1214.0,True,123,101,5,7,5,wake,304,75,229,0,0,75,0,0,1,temporal,1.0,212,91,1,0,16,59,0,0,9,2
DA00100Z,29,623500,1247.0,True,14,4,0,0,10,sleep,312,4,308,0,4,0,0,0,1,frontal,1.0,31,279,2,0,0,4,0,0,0,0
DA001010,29,593500,1187.0,True,24,22,0,0,2,wake,297,20,277,0,0,20,0,0,1,temporal,1.0,297,0,0,0,20,0,0,0,0,0
DA00102Q,29,578500,1157.0,True,29,15,0,0,14,sleep,290,11,279,0,0,11,0,0,1,temporal,1.0,108,176,6,0,0,11,0,0,0,1
DA00102R,29,590000,1180.0,True,46,11,13,0,9,wake,295,31,264,25,6,0,0,0,2,generalized,0.806,195,97,3,0,15,16,0,0,0,0
DA00102S,29,602000,1204.0,True,32,25,0,0,7,wake,301,19,282,0,1,2,1,15,4,occipital,0.789,252,48,1,0,13,6,0,0,0,0
DA00102T,29,587000,1174.0,True,546,498,19,0,10,wake,294,226,68,134,92,0,0,0,2,generalized,0.593,47,244,3,0,15,210,1,0,0,3
DA00102U,29,589000,1178.0,True,11,9,0,0,2,sleep,295,9,286,0,0,9,0,0,1,temporal,1.0,0,295,0,0,0,9,0,0,0,0
DA00102V,29,615000,1230.0,True,13,5,0,0,8,sleep,308,5,303,0,0,5,0,0,1,temporal,1.0,0,308,0,0,0,5,0,0,0,0
DA00102W,29,551000,1102.0,True,392,378,1,0,12,sleep,276,198,78,0,0,198,0,0,1,temporal,1.0,188,79,9,0,155,38,5,0,0,2
DA00102X,29,616500,1233.0,True,4,2,0,0,2,sleep,309,2,307,2,0,0,0,0,1,generalized,1.0,0,309,0,0,0,2,0,0,0,0
DA00102Y,29,614000,1228.0,True,218,121,44,7,2,wake,307,203,104,0,0,0,203,0,1,centro-parietal,1.0,307,0,0,0,203,0,0,0,3,3
DA001030,29,635500,1271.0,True,39,37,0,0,2,sleep,318,30,288,0,0,30,0,0,1,temporal,1.0,0,318,0,0,0,30,0,0,0,3
DA001031,29,585000,1170.0,True,105,98,1,0,5,sleep,293,78,215,0,0,78,0,0,1,temporal,1.0,0,293,0,0,0,78,0,0,0,3
DA001032,29,600500,1201.0,True,16,11,0,0,5,sleep,301,11,290,0,11,0,0,0,1,frontal,1.0,0,301,0,0,0,11,0,0,0,0
DA001033,29,602500,1205.0,True,20,10,2,0,6,sleep,302,19,283,0,0,0,0,19,1,occipital,1.0,10,290,2,0,0,18,1,0,0,0
DA001034,29,592500,1185.0,True,16,10,0,0,6,sleep,297,10,287,0,0,10,0,0,1,temporal,1.0,5,290,2,0,0,10,0,0,0,0
DA001035,29,615500,1231.0,True,10,5,0,0,5,sleep,308,5,303,0,0,5,0,0,1,temporal,1.0,0,308,0,0,0,5,0,0,0,0
DA001036,29,708500,1417.0,True,11,8,0,0,3,wake,355,6,349,6,0,0,0,0,1,generalized,1.0,355,0,0,0,6,0,0,0,0,2
DA001037,29,624000,1248.0,True,129,99,10,0,10,wake,312,86,226,18,68,0,0,0,2,frontal,0.791,104,202,6,0,9,77,0,0,0,1
DA001038,29,613000,1226.0,True,60,27,8,0,17,wake,307,31,276,14,17,0,0,0,2,frontal,0.548,41,259,7,0,3,28,0,0,0,0
DA001039,29,602000,1204.0,True,14,11,0,0,3,sleep,301,11,290,0,0,0,0,11,1,occipital,1.0,0,301,0,0,0,11,0,0,0,0
DA00103A,29,614500,1229.0,True,52,16,17,0,2,sleep,308,192,116,191,1,0,0,0,2,generalized,0.995,0,308,0,0,0,192,0,0,0,0
DA00103B,29,588000,1176.0,True,14,12,0,0,2,wake,294,12,282,0,12,0,0,0,1,frontal,1.0,294,0,0,0,12,0,0,0,0,0
DA00103C,29,698000,1396.0,True,120,114,0,0,6,wake,349,80,269,0,0,0,0,80,1,occipital,1.0,291,56,2,0,61,19,0,0,0,5
DA00103D,29,599000,1198.0,True,125,75,22,0,6,wake,300,100,200,0,0,0,100,0,1,centro-parietal,1.0,100,197,3,0,0,100,0,0,0,3
DA00103E,29,623000,1246.0,True,62,56,0,0,6,sleep,312,46,266,0,0,33,0,13,2,temporal,0.717,0,312,0,0,0,46,0,0,0,2
DA00103F,29,601500,1203.0,True,50,47,0,0,3,sleep,301,35,266,0,0,16,0,19,2,occipital,0.543,0,301,0,0,0,35,0,0,0,0
DA00103G,29,604000,1208.0,True,4,2,0,0,2,wake,302,2,300,2,0,0,0,0,1,generalized,1.0,302,0,0,0,2,0,0,0,0,0
DA00103H,29,580000,1160.0,True,21,16,0,0,5,sleep,290,15,275,11,2,1,0,1,4,generalized,0.733,0,290,0,0,0,15,0,0,0,1
DA00103I,29,593500,1187.0,True,16,0,3,0,10,wake,297,3,294,3,0,0,0,0,1,generalized,1.0,5,289,3,0,0,3,0,0,0,0
DA00103J,29,594000,1188.0,True,51,43,0,0,8,wake,297,36,261,0,0,36,0,0,1,temporal,1.0,199,93,5,0,29,7,0,0,0,2
DA00103K,29,618500,1237.0,True,136,125,0,0,11,sleep,310,77,233,33,44,0,0,0,2,frontal,0.571,13,293,4,0,0,77,0,0,0,4
DA00103L,29,559000,1118.0,True,103,53,18,0,14,wake,280,63,217,0,0,1,62,0,2,centro-parietal,0.984,184,90,6,0,36,26,1,0,0,1
DA00103M,29,590000,1180.0,True,104,75,0,0,29,sleep,295,50,245,0,46,4,0,0,2,frontal,0.92,33,244,18,0,0,45,5,0,0,3
DA00103N,29,599000,1198.0,True,43,19,9,0,6,wake,300,44,256,29,0,0,0,15,2,generalized,0.659,300,0,0,0,44,0,0,0,0,0
DA00103O,29,613000,1226.0,True,21,16,0,0,5,wake,307,16,291,6,10,0,0,0,2,frontal,0.625,3,303,1,0,2,14,0,0,0,0
DA00103P,29,588500,1177.0,True,24,21,0,0,3,sleep,295,20,275,0,0,20,0,0,1,temporal,1.0,0,295,0,0,0,20,0,0,0,0
DA00103Q,29,607500,1215.0,True,493,471,9,0,4,sleep,304,239,65,0,0,0,0,239,1,occipital,1.0,0,304,0,0,0,239,0,0,0,1
DA00103R,29,615500,1231.0,True,7,5,0,0,2,sleep,308,5,303,0,0,0,0,5,1,occipital,1.0,0,308,0,0,0,5,0,0,0,0
DA00103S,29,588000,1176.0,True,166,154,5,0,2,sleep,294,100,194,86,14,0,0,0,2,generalized,0.86,0,294,0,0,0,100,0,0,0,3
DA00103T,29,561500,1123.0,True,50,39,0,0,11,wake,281,31,250,0,0,31,0,0,1,temporal,1.0,218,58,5,0,22,9,0,0,0,1
DA00103U,29,607500,1215.0,True,130,124,0,0,6,sleep,304,92,212,0,25,67,0,0,2,temporal,0.728,62,240,2,0,0,92,0,0,0,3
DA00103V,29,600000,1200.0,True,5,1,1,0,2,wake,300,2,298,2,0,0,0,0,1,generalized,1.0,300,0,0,0,2,0,0,0,0,0
DC113049,29,599500,1199.0,True,6,3,0,0,3,wake,300,3,297,2,1,0,0,0,2,generalized,0.667,300,0,0,0,3,0,0,0,0,0
DC11304C,29,613500,1227.0,True,2,0,0,0,2,wake,307,0,307,0,0,0,0,0,0,,,307,0,0,0,0,0,0,0,0,0
DC11304D,29,613000,1226.0,True,2,0,0,0,2,wake,307,0,307,0,0,0,0,0,0,,,307,0,0,0,0,0,0,0,0,0
DC11304E,29,597500,1195.0,True,5,0,0,0,5,sleep,299,0,299,0,0,0,0,0,0,,,0,299,0,0,0,0,0,0,0,0
DC11304F,29,586000,1172.0,True,2,0,0,0,2,wake,293,0,293,0,0,0,0,0,0,,,293,0,0,0,0,0,0,0,0,0
DC11304G,29,605000,1210.0,True,2,0,0,0,2,wake,303,0,303,0,0,0,0,0,0,,,303,0,0,0,0,0,0,0,0,0
DC11304H,29,613500,1227.0,True,2,0,0,0,2,wake,307,0,307,0,0,0,0,0,0,,,307,0,0,0,0,0,0,0,0,0
DC11304I,29,619000,1238.0,True,4,0,0,0,4,wake,310,0,310,0,0,0,0,0,0,,,7,302,1,0,0,0,0,0,0,0
DC11304J,29,604000,1208.0,True,11,0,0,0,11,wake,302,0,302,0,0,0,0,0,0,,,204,91,7,0,0,0,0,0,0,0
DC11304K,29,607000,1214.0,True,4,0,0,0,4,sleep,304,0,304,0,0,0,0,0,0,,,0,304,0,0,0,0,0,0,0,0
DC11304L,29,592000,1184.0,True,6,0,0,0,6,wake,296,0,296,0,0,0,0,0,0,,,250,43,3,0,0,0,0,0,0,0
