eeg_id,all_wake,all_sleep,all_mixed,all_unlabelled,ied_wake,ied_sleep,ied_mixed,ied_unlabelled
DA001003,237,0,0,60,0,0,0,0
DA001005,292,0,0,0,0,0,0,0
DA001006,112,180,1,0,0,0,0,0
DA001007,49,266,12,0,0,0,0,0
DA001008,7,289,2,0,0,0,0,0
DA001009,293,0,0,0,0,0,0,0
DA00100A,300,0,0,0,0,0,0,0
DA00100B,303,0,0,0,0,0,0,0
DA00100C,0,307,0,0,0,0,0,0
DA00100D,298,0,0,0,0,0,0,0
DA00100E,313,0,0,0,0,0,0,0
DA00100F,299,0,0,1,0,0,0,0
DA00100G,303,0,0,0,0,0,0,0
DA00100H,0,303,0,0,0,0,0,0
DA00100I,15,281,10,0,0,0,0,0
DA00100K,78,234,3,0,0,0,0,0
DA00100L,160,128,9,0,0,0,0,0
DA00100M,306,0,0,0,0,0,0,0
DA00100N,122,149,3,22,0,0,0,0
DA00100O,304,0,0,0,0,0,0,0
DA00100P,0,288,0,10,0,0,0,0
DA00100Q,293,0,0,0,0,0,0,0
DA00100R,0,296,0,0,0,17,0,0
DA00100S,303,0,0,0,29,0,0,0
DA00100T,0,289,0,0,0,8,0,0
DA00100U,313,0,0,0,38,0,0,0
DA00100V,0,316,0,0,0,40,0,0
DA00100W,341,0,0,0,22,0,0,0
DA00100X,0,311,0,0,0,9,0,0
DA00100Y,212,91,1,0,16,59,0,0
DA00100Z,31,279,2,0,0,4,0,0
DA001010,297,0,0,0,20,0,0,0
DA00102Q,108,176,6,0,0,11,0,0
DA00102R,195,97,3,0,15,16,0,0
DA00102S,252,48,1,0,13,6,0,0
DA00102T,47,244,3,0,15,210,1,0
DA00102U,0,295,0,0,0,9,0,0
DA00102V,0,308,0,0,0,5,0,0
DA00102W,188,79,9,0,155,38,5,0
DA00102X,0,309,0,0,0,2,0,0
DA00102Y,307,0,0,0,203,0,0,0
DA001030,0,318,0,0,0,30,0,0
DA001031,0,293,0,0,0,78,0,0
DA001032,0,301,0,0,0,11,0,0
DA001033,10,290,2,0,0,18,1,0
DA001034,5,290,2,0,0,10,0,0
DA001035,0,308,0,0,0,5,0,0
DA001036,355,0,0,0,6,0,0,0
DA001037,104,202,6,0,9,77,0,0
DA001038,41,259,7,0,3,28,0,0
DA001039,0,301,0,0,0,11,0,0
DA00103A,0,308,0,0,0,192,0,0
DA00103B,294,0,0,0,12,0,0,0
DA00103C,291,56,2,0,61,19,0,0
DA00103D,100,197,3,0,0,100,0,0
DA00103E,0,312,0,0,0,46,0,0
DA00103F,0,301,0,0,0,35,0,0
DA00103G,302,0,0,0,2,0,0,0
DA00103H,0,290,0,0,0,15,0,0
DA00103I,5,289,3,0,0,3,0,0
DA00103J,199,93,5,0,29,7,0,0
DA00103K,13,293,4,0,0,77,0,0
DA00103L,184,90,6,0,36,26,1,0
DA00103M,33,244,18,0,0,45,5,0
DA00103N,300,0,0,0,44,0,0,0
DA00103O,3,303,1,0,2,14,0,0
DA00103P,0,295,0,0,0,20,0,0
DA00103Q,0,304,0,0,0,239,0,0
DA00103R,0,308,0,0,0,5,0,0
DA00103S,0,294,0,0,0,100,0,0
DA00103T,218,58,5,0,22,9,0,0
DA00103U,62,240,2,0,0,92,0,0
DA00103V,300,0,0,0,2,0,0,0
DC113049,300,0,0,0,3,0,0,0
DC11304C,307,0,0,0,0,0,0,0
DC11304D,307,0,0,0,0,0,0,0
DC11304E,0,299,0,0,0,0,0,0
DC11304F,293,0,0,0,0,0,0,0
DC11304G,303,0,0,0,0,0,0,0
DC11304H,307,0,0,0,0,0,0,0
DC11304I,7,302,1,0,0,0,0,0
DC11304J,204,91,7,0,0,0,0,0
DC11304K,0,304,0,0,0,0,0,0
DC11304L,250,43,3,0,0,0,0,0
