eeg_id,non-IED,generalized,frontal,temporal,centro-parietal,occipital,n_ied_classes
DA001003,297,0,0,0,0,0,0
DA001005,292,0,0,0,0,0,0
DA001006,293,0,0,0,0,0,0
DA001007,327,0,0,0,0,0,0
DA001008,298,0,0,0,0,0,0
DA001009,293,0,0,0,0,0,0
DA00100A,300,0,0,0,0,0,0
DA00100B,303,0,0,0,0,0,0
DA00100C,307,0,0,0,0,0,0
DA00100D,298,0,0,0,0,0,0
DA00100E,313,0,0,0,0,0,0
DA00100F,300,0,0,0,0,0,0
DA00100G,303,0,0,0,0,0,0
DA00100H,303,0,0,0,0,0,0
DA00100I,306,0,0,0,0,0,0
DA00100K,315,0,0,0,0,0,0
DA00100L,297,0,0,0,0,0,0
DA00100M,306,0,0,0,0,0,0
DA00100N,296,0,0,0,0,0,0
DA00100O,304,0,0,0,0,0,0
DA00100P,298,0,0,0,0,0,0
DA00100Q,293,0,0,0,0,0,0
DA00100R,279,0,17,0,0,0,1
DA00100S,274,0,0,29,0,0,1
DA00100T,281,0,0,8,0,0,1
DA00100U,275,0,37,1,0,0,2
DA00100V,276,0,28,12,0,0,2
DA00100W,319,0,22,0,0,0,1
DA00100X,302,9,0,0,0,0,1
DA00100Y,229,0,0,75,0,0,1
DA00100Z,308,0,4,0,0,0,1
DA001010,277,0,0,20,0,0,1
DA00102Q,279,0,0,11,0,0,1
DA00102R,264,25,6,0,0,0,2
DA00102S,282,0,1,2,1,15,4
DA00102T,68,134,92,0,0,0,2
DA00102U,286,0,0,9,0,0,1
DA00102V,303,0,0,5,0,0,1
DA00102W,78,0,0,198,0,0,1
DA00102X,307,2,0,0,0,0,1
DA00102Y,104,0,0,0,203,0,1
DA001030,288,0,0,30,0,0,1
DA001031,215,0,0,78,0,0,1
DA001032,290,0,11,0,0,0,1
DA001033,283,0,0,0,0,19,1
DA001034,287,0,0,10,0,0,1
DA001035,303,0,0,5,0,0,1
DA001036,349,6,0,0,0,0,1
DA001037,226,18,68,0,0,0,2
DA001038,276,14,17,0,0,0,2
DA001039,290,0,0,0,0,11,1
DA00103A,116,191,1,0,0,0,2
DA00103B,282,0,12,0,0,0,1
DA00103C,269,0,0,0,0,80,1
DA00103D,200,0,0,0,100,0,1
DA00103E,266,0,0,33,0,13,2
DA00103F,266,0,0,16,0,19,2
DA00103G,300,2,0,0,0,0,1
DA00103H,275,11,2,1,0,1,4
DA00103I,294,3,0,0,0,0,1
DA00103J,261,0,0,36,0,0,1
DA00103K,233,33,44,0,0,0,2
DA00103L,217,0,0,1,62,0,2
DA00103M,245,0,46,4,0,0,2
DA00103N,256,29,0,0,0,15,2
DA00103O,291,6,10,0,0,0,2
DA00103P,275,0,0,20,0,0,1
DA00103Q,65,0,0,0,0,239,1
DA00103R,303,0,0,0,0,5,1
DA00103S,194,86,14,0,0,0,2
DA00103T,250,0,0,31,0,0,1
DA00103U,212,0,25,67,0,0,2
DA00103V,298,2,0,0,0,0,1
DC113049,297,2,1,0,0,0,2
DC11304C,307,0,0,0,0,0,0
DC11304D,307,0,0,0,0,0,0
DC11304E,299,0,0,0,0,0,0
DC11304F,293,0,0,0,0,0,0
DC11304G,303,0,0,0,0,0,0
DC11304H,307,0,0,0,0,0,0
DC11304I,310,0,0,0,0,0,0
DC11304J,302,0,0,0,0,0,0
DC11304K,304,0,0,0,0,0,0
DC11304L,296,0,0,0,0,0,0
