repeat,seed,eeg_id,analysis_set,group,coverage,outer_fold
1,2026101001,DA001003,primary,F,wake,0
1,2026101001,DA001005,primary,F,wake,0
1,2026101001,DA001006,primary,F,wake+sleep,2
1,2026101001,DA001007,primary,F,wake+sleep,0
1,2026101001,DA001009,primary,F,wake,4
1,2026101001,DA00100A,primary,F,wake,0
1,2026101001,DA00100B,primary,F,wake,2
1,2026101001,DA00100C,primary,F,sleep,1
1,2026101001,DA00100D,primary,F,wake,1
1,2026101001,DA00100E,primary,F,wake,2
1,2026101001,DA00100I,primary,F,wake+sleep,4
1,2026101001,DA00100K,primary,F,wake+sleep,1
1,2026101001,DA00100L,primary,F,wake+sleep,1
1,2026101001,DA00100M,primary,F,wake,3
1,2026101001,DA00100N,primary,F,wake+sleep,4
1,2026101001,DA00100O,primary,F,wake,1
1,2026101001,DA00100P,primary,F,sleep,2
1,2026101001,DA00100Q,primary,F,wake,4
1,2026101001,DA00100R,primary,E,sleep,3
1,2026101001,DA00100S,primary,E,wake,2
1,2026101001,DA00100T,primary,E,sleep,4
1,2026101001,DA00100V,primary,E,sleep,2
1,2026101001,DA00100W,primary,E,wake,4
1,2026101001,DA00100X,primary,E,sleep,0
1,2026101001,DA00100Y,primary,E,wake+sleep,0
1,2026101001,DA00100Z,primary,N,wake+sleep,2
1,2026101001,DA001010,primary,E,wake,1
1,2026101001,DA00102Q,primary,E,sleep,0
1,2026101001,DA00102R,primary,E,wake+sleep,2
1,2026101001,DA00102S,primary,E,wake+sleep,1
1,2026101001,DA00102T,primary,E,wake+sleep,3
1,2026101001,DA00102V,primary,E,sleep,3
1,2026101001,DA00102W,primary,E,wake+sleep,0
1,2026101001,DA00102X,primary,N,sleep,3
1,2026101001,DA00102Y,primary,E,wake,2
1,2026101001,DA001030,primary,E,sleep,1
1,2026101001,DA001031,primary,E,sleep,1
1,2026101001,DA001032,primary,E,sleep,1
1,2026101001,DA001033,primary,E,sleep,4
1,2026101001,DA001034,primary,E,sleep,0
1,2026101001,DA001035,primary,E,sleep,0
1,2026101001,DA001038,primary,E,sleep,1
1,2026101001,DA001039,primary,E,sleep,2
1,2026101001,DA00103B,primary,E,wake,3
1,2026101001,DA00103C,primary,E,wake+sleep,3
1,2026101001,DA00103D,primary,E,sleep,1
1,2026101001,DA00103E,primary,E,sleep,2
1,2026101001,DA00103F,primary,E,sleep,3
1,2026101001,DA00103G,primary,N,wake,0
1,2026101001,DA00103I,primary,N,wake+sleep,3
1,2026101001,DA00103J,primary,E,wake+sleep,4
1,2026101001,DA00103L,primary,E,wake+sleep,4
1,2026101001,DA00103M,primary,E,sleep,3
1,2026101001,DA00103N,primary,E,wake,0
1,2026101001,DA00103O,primary,E,sleep,4
1,2026101001,DA00103P,primary,E,sleep,2
1,2026101001,DA00103R,primary,E,sleep,4
1,2026101001,DA00103S,primary,E,sleep,0
1,2026101001,DA00103V,primary,N,wake,4
1,2026101001,DC113049,primary,N,wake,1
1,2026101001,DC11304D,primary,F,wake,2
1,2026101001,DC11304E,primary,F,sleep,4
1,2026101001,DC11304F,primary,F,wake,3
1,2026101001,DC11304G,primary,F,wake,1
1,2026101001,DC11304H,primary,F,wake,3
1,2026101001,DC11304I,primary,F,wake+sleep,3
1,2026101001,DC11304J,primary,F,wake+sleep,0
1,2026101001,DC11304K,primary,F,sleep,3
1,2026101001,DC11304L,primary,F,wake+sleep,2
1,2026101001,DA00100F,sensitivity_only,F,wake,0
1,2026101001,DA00100H,sensitivity_only,F,sleep,4
1,2026101001,DA001036,sensitivity_only,E,wake,2
1,2026101001,DA001037,sensitivity_only,E,wake+sleep,3
1,2026101001,DA00103H,sensitivity_only,E,sleep,0
1,2026101001,DA00103K,sensitivity_only,E,sleep,1
1,2026101001,DA00103U,sensitivity_only,E,sleep,4
2,2026101002,DA001003,primary,F,wake,4
2,2026101002,DA001005,primary,F,wake,1
2,2026101002,DA001006,primary,F,wake+sleep,0
2,2026101002,DA001007,primary,F,wake+sleep,0
2,2026101002,DA001009,primary,F,wake,0
2,2026101002,DA00100A,primary,F,wake,4
2,2026101002,DA00100B,primary,F,wake,2
2,2026101002,DA00100C,primary,F,sleep,2
2,2026101002,DA00100D,primary,F,wake,3
2,2026101002,DA00100E,primary,F,wake,3
2,2026101002,DA00100I,primary,F,wake+sleep,1
2,2026101002,DA00100K,primary,F,wake+sleep,4
2,2026101002,DA00100L,primary,F,wake+sleep,2
2,2026101002,DA00100M,primary,F,wake,3
2,2026101002,DA00100N,primary,F,wake+sleep,4
2,2026101002,DA00100O,primary,F,wake,0
2,2026101002,DA00100P,primary,F,sleep,3
2,2026101002,DA00100Q,primary,F,wake,0
2,2026101002,DA00100R,primary,E,sleep,4
2,2026101002,DA00100S,primary,E,wake,0
2,2026101002,DA00100T,primary,E,sleep,3
2,2026101002,DA00100V,primary,E,sleep,4
2,2026101002,DA00100W,primary,E,wake,3
2,2026101002,DA00100X,primary,E,sleep,1
2,2026101002,DA00100Y,primary,E,wake+sleep,4
2,2026101002,DA00100Z,primary,N,wake+sleep,3
2,2026101002,DA001010,primary,E,wake,2
2,2026101002,DA00102Q,primary,E,sleep,3
2,2026101002,DA00102R,primary,E,wake+sleep,0
2,2026101002,DA00102S,primary,E,wake+sleep,2
2,2026101002,DA00102T,primary,E,wake+sleep,4
2,2026101002,DA00102V,primary,E,sleep,3
2,2026101002,DA00102W,primary,E,wake+sleep,3
2,2026101002,DA00102X,primary,N,sleep,3
2,2026101002,DA00102Y,primary,E,wake,1
2,2026101002,DA001030,primary,E,sleep,0
2,2026101002,DA001031,primary,E,sleep,4
2,2026101002,DA001032,primary,E,sleep,0
2,2026101002,DA001033,primary,E,sleep,4
2,2026101002,DA001034,primary,E,sleep,0
2,2026101002,DA001035,primary,E,sleep,0
2,2026101002,DA001038,primary,E,sleep,2
2,2026101002,DA001039,primary,E,sleep,3
2,2026101002,DA00103B,primary,E,wake,4
2,2026101002,DA00103C,primary,E,wake+sleep,0
2,2026101002,DA00103D,primary,E,sleep,2
2,2026101002,DA00103E,primary,E,sleep,0
2,2026101002,DA00103F,primary,E,sleep,2
2,2026101002,DA00103G,primary,N,wake,0
2,2026101002,DA00103I,primary,N,wake+sleep,2
2,2026101002,DA00103J,primary,E,wake+sleep,3
2,2026101002,DA00103L,primary,E,wake+sleep,1
2,2026101002,DA00103M,primary,E,sleep,1
2,2026101002,DA00103N,primary,E,wake,2
2,2026101002,DA00103O,primary,E,sleep,2
2,2026101002,DA00103P,primary,E,sleep,1
2,2026101002,DA00103R,primary,E,sleep,1
2,2026101002,DA00103S,primary,E,sleep,1
2,2026101002,DA00103V,primary,N,wake,4
2,2026101002,DC113049,primary,N,wake,1
2,2026101002,DC11304D,primary,F,wake,1
2,2026101002,DC11304E,primary,F,sleep,4
2,2026101002,DC11304F,primary,F,wake,2
2,2026101002,DC11304G,primary,F,wake,1
2,2026101002,DC11304H,primary,F,wake,2
2,2026101002,DC11304I,primary,F,wake+sleep,3
2,2026101002,DC11304J,primary,F,wake+sleep,1
2,2026101002,DC11304K,primary,F,sleep,1
2,2026101002,DC11304L,primary,F,wake+sleep,2
2,2026101002,DA00100F,sensitivity_only,F,wake,0
2,2026101002,DA00100H,sensitivity_only,F,sleep,4
2,2026101002,DA001036,sensitivity_only,E,wake,2
2,2026101002,DA001037,sensitivity_only,E,wake+sleep,3
2,2026101002,DA00103H,sensitivity_only,E,sleep,1
2,2026101002,DA00103K,sensitivity_only,E,sleep,0
2,2026101002,DA00103U,sensitivity_only,E,sleep,4
3,2026101003,DA001003,primary,F,wake,3
3,2026101003,DA001005,primary,F,wake,2
3,2026101003,DA001006,primary,F,wake+sleep,4
3,2026101003,DA001007,primary,F,wake+sleep,2
3,2026101003,DA001009,primary,F,wake,3
3,2026101003,DA00100A,primary,F,wake,0
3,2026101003,DA00100B,primary,F,wake,1
3,2026101003,DA00100C,primary,F,sleep,2
3,2026101003,DA00100D,primary,F,wake,2
3,2026101003,DA00100E,primary,F,wake,1
3,2026101003,DA00100I,primary,F,wake+sleep,3
3,2026101003,DA00100K,primary,F,wake+sleep,2
3,2026101003,DA00100L,primary,F,wake+sleep,0
3,2026101003,DA00100M,primary,F,wake,3
3,2026101003,DA00100N,primary,F,wake+sleep,0
3,2026101003,DA00100O,primary,F,wake,4
3,2026101003,DA00100P,primary,F,sleep,1
3,2026101003,DA00100Q,primary,F,wake,2
3,2026101003,DA00100R,primary,E,sleep,3
3,2026101003,DA00100S,primary,E,wake,2
3,2026101003,DA00100T,primary,E,sleep,1
3,2026101003,DA00100V,primary,E,sleep,4
3,2026101003,DA00100W,primary,E,wake,0
3,2026101003,DA00100X,primary,E,sleep,1
3,2026101003,DA00100Y,primary,E,wake+sleep,0
3,2026101003,DA00100Z,primary,N,wake+sleep,3
3,2026101003,DA001010,primary,E,wake,1
3,2026101003,DA00102Q,primary,E,sleep,2
3,2026101003,DA00102R,primary,E,wake+sleep,4
3,2026101003,DA00102S,primary,E,wake+sleep,3
3,2026101003,DA00102T,primary,E,wake+sleep,1
3,2026101003,DA00102V,primary,E,sleep,0
3,2026101003,DA00102W,primary,E,wake+sleep,2
3,2026101003,DA00102X,primary,N,sleep,3
3,2026101003,DA00102Y,primary,E,wake,2
3,2026101003,DA001030,primary,E,sleep,1
3,2026101003,DA001031,primary,E,sleep,0
3,2026101003,DA001032,primary,E,sleep,0
3,2026101003,DA001033,primary,E,sleep,4
3,2026101003,DA001034,primary,E,sleep,3
3,2026101003,DA001035,primary,E,sleep,2
3,2026101003,DA001038,primary,E,sleep,4
3,2026101003,DA001039,primary,E,sleep,3
3,2026101003,DA00103B,primary,E,wake,4
3,2026101003,DA00103C,primary,E,wake+sleep,0
3,2026101003,DA00103D,primary,E,sleep,2
3,2026101003,DA00103E,primary,E,sleep,4
3,2026101003,DA00103F,primary,E,sleep,2
3,2026101003,DA00103G,primary,N,wake,0
3,2026101003,DA00103I,primary,N,wake+sleep,2
3,2026101003,DA00103J,primary,E,wake+sleep,3
3,2026101003,DA00103L,primary,E,wake+sleep,4
3,2026101003,DA00103M,primary,E,sleep,0
3,2026101003,DA00103N,primary,E,wake,3
3,2026101003,DA00103O,primary,E,sleep,3
3,2026101003,DA00103P,primary,E,sleep,1
3,2026101003,DA00103R,primary,E,sleep,1
3,2026101003,DA00103S,primary,E,sleep,0
3,2026101003,DA00103V,primary,N,wake,1
3,2026101003,DC113049,primary,N,wake,4
3,2026101003,DC11304D,primary,F,wake,0
3,2026101003,DC11304E,primary,F,sleep,4
3,2026101003,DC11304F,primary,F,wake,0
3,2026101003,DC11304G,primary,F,wake,4
3,2026101003,DC11304H,primary,F,wake,1
3,2026101003,DC11304I,primary,F,wake+sleep,4
3,2026101003,DC11304J,primary,F,wake+sleep,1
3,2026101003,DC11304K,primary,F,sleep,3
3,2026101003,DC11304L,primary,F,wake+sleep,1
3,2026101003,DA00100F,sensitivity_only,F,wake,0
3,2026101003,DA00100H,sensitivity_only,F,sleep,4
3,2026101003,DA001036,sensitivity_only,E,wake,2
3,2026101003,DA001037,sensitivity_only,E,wake+sleep,3
3,2026101003,DA00103H,sensitivity_only,E,sleep,4
3,2026101003,DA00103K,sensitivity_only,E,sleep,1
3,2026101003,DA00103U,sensitivity_only,E,sleep,0
4,2026101004,DA001003,primary,F,wake,1
4,2026101004,DA001005,primary,F,wake,3
4,2026101004,DA001006,primary,F,wake+sleep,0
4,2026101004,DA001007,primary,F,wake+sleep,4
4,2026101004,DA001009,primary,F,wake,3
4,2026101004,DA00100A,primary,F,wake,0
4,2026101004,DA00100B,primary,F,wake,2
4,2026101004,DA00100C,primary,F,sleep,1
4,2026101004,DA00100D,primary,F,wake,0
4,2026101004,DA00100E,primary,F,wake,0
4,2026101004,DA00100I,primary,F,wake+sleep,3
4,2026101004,DA00100K,primary,F,wake+sleep,4
4,2026101004,DA00100L,primary,F,wake+sleep,1
4,2026101004,DA00100M,primary,F,wake,3
4,2026101004,DA00100N,primary,F,wake+sleep,2
4,2026101004,DA00100O,primary,F,wake,4
4,2026101004,DA00100P,primary,F,sleep,3
4,2026101004,DA00100Q,primary,F,wake,1
4,2026101004,DA00100R,primary,E,sleep,3
4,2026101004,DA00100S,primary,E,wake,3
4,2026101004,DA00100T,primary,E,sleep,0
4,2026101004,DA00100V,primary,E,sleep,0
4,2026101004,DA00100W,primary,E,wake,4
4,2026101004,DA00100X,primary,E,sleep,0
4,2026101004,DA00100Y,primary,E,wake+sleep,1
4,2026101004,DA00100Z,primary,N,wake+sleep,2
4,2026101004,DA001010,primary,E,wake,1
4,2026101004,DA00102Q,primary,E,sleep,2
4,2026101004,DA00102R,primary,E,wake+sleep,0
4,2026101004,DA00102S,primary,E,wake+sleep,0
4,2026101004,DA00102T,primary,E,wake+sleep,3
4,2026101004,DA00102V,primary,E,sleep,4
4,2026101004,DA00102W,primary,E,wake+sleep,4
4,2026101004,DA00102X,primary,N,sleep,3
4,2026101004,DA00102Y,primary,E,wake,2
4,2026101004,DA001030,primary,E,sleep,2
4,2026101004,DA001031,primary,E,sleep,1
4,2026101004,DA001032,primary,E,sleep,3
4,2026101004,DA001033,primary,E,sleep,3
4,2026101004,DA001034,primary,E,sleep,4
4,2026101004,DA001035,primary,E,sleep,4
4,2026101004,DA001038,primary,E,sleep,1
4,2026101004,DA001039,primary,E,sleep,2
4,2026101004,DA00103B,primary,E,wake,0
4,2026101004,DA00103C,primary,E,wake+sleep,4
4,2026101004,DA00103D,primary,E,sleep,1
4,2026101004,DA00103E,primary,E,sleep,1
4,2026101004,DA00103F,primary,E,sleep,0
4,2026101004,DA00103G,primary,N,wake,4
4,2026101004,DA00103I,primary,N,wake+sleep,3
4,2026101004,DA00103J,primary,E,wake+sleep,2
4,2026101004,DA00103L,primary,E,wake+sleep,3
4,2026101004,DA00103M,primary,E,sleep,4
4,2026101004,DA00103N,primary,E,wake,2
4,2026101004,DA00103O,primary,E,sleep,0
4,2026101004,DA00103P,primary,E,sleep,2
4,2026101004,DA00103R,primary,E,sleep,3
4,2026101004,DA00103S,primary,E,sleep,1
4,2026101004,DA00103V,primary,N,wake,1
4,2026101004,DC113049,primary,N,wake,0
4,2026101004,DC11304D,primary,F,wake,2
4,2026101004,DC11304E,primary,F,sleep,2
4,2026101004,DC11304F,primary,F,wake,4
4,2026101004,DC11304G,primary,F,wake,1
4,2026101004,DC11304H,primary,F,wake,2
4,2026101004,DC11304I,primary,F,wake+sleep,0
4,2026101004,DC11304J,primary,F,wake+sleep,2
4,2026101004,DC11304K,primary,F,sleep,4
4,2026101004,DC11304L,primary,F,wake+sleep,1
4,2026101004,DA00100F,sensitivity_only,F,wake,0
4,2026101004,DA00100H,sensitivity_only,F,sleep,4
4,2026101004,DA001036,sensitivity_only,E,wake,2
4,2026101004,DA001037,sensitivity_only,E,wake+sleep,3
4,2026101004,DA00103H,sensitivity_only,E,sleep,0
4,2026101004,DA00103K,sensitivity_only,E,sleep,4
4,2026101004,DA00103U,sensitivity_only,E,sleep,1
5,2026101005,DA001003,primary,F,wake,1
5,2026101005,DA001005,primary,F,wake,3
5,2026101005,DA001006,primary,F,wake+sleep,4
5,2026101005,DA001007,primary,F,wake+sleep,2
5,2026101005,DA001009,primary,F,wake,1
5,2026101005,DA00100A,primary,F,wake,2
5,2026101005,DA00100B,primary,F,wake,3
5,2026101005,DA00100C,primary,F,sleep,4
5,2026101005,DA00100D,primary,F,wake,4
5,2026101005,DA00100E,primary,F,wake,4
5,2026101005,DA00100I,primary,F,wake+sleep,1
5,2026101005,DA00100K,primary,F,wake+sleep,0
5,2026101005,DA00100L,primary,F,wake+sleep,1
5,2026101005,DA00100M,primary,F,wake,0
5,2026101005,DA00100N,primary,F,wake+sleep,2
5,2026101005,DA00100O,primary,F,wake,0
5,2026101005,DA00100P,primary,F,sleep,2
5,2026101005,DA00100Q,primary,F,wake,1
5,2026101005,DA00100R,primary,E,sleep,4
5,2026101005,DA00100S,primary,E,wake,3
5,2026101005,DA00100T,primary,E,sleep,3
5,2026101005,DA00100V,primary,E,sleep,0
5,2026101005,DA00100W,primary,E,wake,0
5,2026101005,DA00100X,primary,E,sleep,1
5,2026101005,DA00100Y,primary,E,wake+sleep,0
5,2026101005,DA00100Z,primary,N,wake+sleep,2
5,2026101005,DA001010,primary,E,wake,4
5,2026101005,DA00102Q,primary,E,sleep,2
5,2026101005,DA00102R,primary,E,wake+sleep,3
5,2026101005,DA00102S,primary,E,wake+sleep,4
5,2026101005,DA00102T,primary,E,wake+sleep,1
5,2026101005,DA00102V,primary,E,sleep,2
5,2026101005,DA00102W,primary,E,wake+sleep,0
5,2026101005,DA00102X,primary,N,sleep,3
5,2026101005,DA00102Y,primary,E,wake,2
5,2026101005,DA001030,primary,E,sleep,1
5,2026101005,DA001031,primary,E,sleep,0
5,2026101005,DA001032,primary,E,sleep,4
5,2026101005,DA001033,primary,E,sleep,2
5,2026101005,DA001034,primary,E,sleep,0
5,2026101005,DA001035,primary,E,sleep,1
5,2026101005,DA001038,primary,E,sleep,3
5,2026101005,DA001039,primary,E,sleep,4
5,2026101005,DA00103B,primary,E,wake,2
5,2026101005,DA00103C,primary,E,wake+sleep,2
5,2026101005,DA00103D,primary,E,sleep,1
5,2026101005,DA00103E,primary,E,sleep,1
5,2026101005,DA00103F,primary,E,sleep,0
5,2026101005,DA00103G,primary,N,wake,4
5,2026101005,DA00103I,primary,N,wake+sleep,3
5,2026101005,DA00103J,primary,E,wake+sleep,3
5,2026101005,DA00103L,primary,E,wake+sleep,4
5,2026101005,DA00103M,primary,E,sleep,2
5,2026101005,DA00103N,primary,E,wake,1
5,2026101005,DA00103O,primary,E,sleep,0
5,2026101005,DA00103P,primary,E,sleep,3
5,2026101005,DA00103R,primary,E,sleep,4
5,2026101005,DA00103S,primary,E,sleep,3
5,2026101005,DA00103V,primary,N,wake,1
5,2026101005,DC113049,primary,N,wake,0
5,2026101005,DC11304D,primary,F,wake,2
5,2026101005,DC11304E,primary,F,sleep,1
5,2026101005,DC11304F,primary,F,wake,3
5,2026101005,DC11304G,primary,F,wake,2
5,2026101005,DC11304H,primary,F,wake,0
5,2026101005,DC11304I,primary,F,wake+sleep,4
5,2026101005,DC11304J,primary,F,wake+sleep,0
5,2026101005,DC11304K,primary,F,sleep,3
5,2026101005,DC11304L,primary,F,wake+sleep,3
5,2026101005,DA00100F,sensitivity_only,F,wake,0
5,2026101005,DA00100H,sensitivity_only,F,sleep,4
5,2026101005,DA001036,sensitivity_only,E,wake,2
5,2026101005,DA001037,sensitivity_only,E,wake+sleep,3
5,2026101005,DA00103H,sensitivity_only,E,sleep,1
5,2026101005,DA00103K,sensitivity_only,E,sleep,4
5,2026101005,DA00103U,sensitivity_only,E,sleep,0
6,2026101006,DA001003,primary,F,wake,0
6,2026101006,DA001005,primary,F,wake,2
6,2026101006,DA001006,primary,F,wake+sleep,1
6,2026101006,DA001007,primary,F,wake+sleep,2
6,2026101006,DA001009,primary,F,wake,2
6,2026101006,DA00100A,primary,F,wake,3
6,2026101006,DA00100B,primary,F,wake,0
6,2026101006,DA00100C,primary,F,sleep,1
6,2026101006,DA00100D,primary,F,wake,3
6,2026101006,DA00100E,primary,F,wake,1
6,2026101006,DA00100I,primary,F,wake+sleep,4
6,2026101006,DA00100K,primary,F,wake+sleep,0
6,2026101006,DA00100L,primary,F,wake+sleep,0
6,2026101006,DA00100M,primary,F,wake,4
6,2026101006,DA00100N,primary,F,wake+sleep,1
6,2026101006,DA00100O,primary,F,wake,3
6,2026101006,DA00100P,primary,F,sleep,3
6,2026101006,DA00100Q,primary,F,wake,4
6,2026101006,DA00100R,primary,E,sleep,3
6,2026101006,DA00100S,primary,E,wake,0
6,2026101006,DA00100T,primary,E,sleep,2
6,2026101006,DA00100V,primary,E,sleep,0
6,2026101006,DA00100W,primary,E,wake,1
6,2026101006,DA00100X,primary,E,sleep,0
6,2026101006,DA00100Y,primary,E,wake+sleep,0
6,2026101006,DA00100Z,primary,N,wake+sleep,3
6,2026101006,DA001010,primary,E,wake,3
6,2026101006,DA00102Q,primary,E,sleep,2
6,2026101006,DA00102R,primary,E,wake+sleep,4
6,2026101006,DA00102S,primary,E,wake+sleep,3
6,2026101006,DA00102T,primary,E,wake+sleep,3
6,2026101006,DA00102V,primary,E,sleep,3
6,2026101006,DA00102W,primary,E,wake+sleep,4
6,2026101006,DA00102X,primary,N,sleep,3
6,2026101006,DA00102Y,primary,E,wake,2
6,2026101006,DA001030,primary,E,sleep,1
6,2026101006,DA001031,primary,E,sleep,3
6,2026101006,DA001032,primary,E,sleep,1
6,2026101006,DA001033,primary,E,sleep,3
6,2026101006,DA001034,primary,E,sleep,1
6,2026101006,DA001035,primary,E,sleep,2
6,2026101006,DA001038,primary,E,sleep,1
6,2026101006,DA001039,primary,E,sleep,4
6,2026101006,DA00103B,primary,E,wake,4
6,2026101006,DA00103C,primary,E,wake+sleep,1
6,2026101006,DA00103D,primary,E,sleep,1
6,2026101006,DA00103E,primary,E,sleep,4
6,2026101006,DA00103F,primary,E,sleep,4
6,2026101006,DA00103G,primary,N,wake,0
6,2026101006,DA00103I,primary,N,wake+sleep,2
6,2026101006,DA00103J,primary,E,wake+sleep,2
6,2026101006,DA00103L,primary,E,wake+sleep,0
6,2026101006,DA00103M,primary,E,sleep,0
6,2026101006,DA00103N,primary,E,wake,2
6,2026101006,DA00103O,primary,E,sleep,4
6,2026101006,DA00103P,primary,E,sleep,0
6,2026101006,DA00103R,primary,E,sleep,2
6,2026101006,DA00103S,primary,E,sleep,0
6,2026101006,DA00103V,primary,N,wake,4
6,2026101006,DC113049,primary,N,wake,1
6,2026101006,DC11304D,primary,F,wake,1
6,2026101006,DC11304E,primary,F,sleep,2
6,2026101006,DC11304F,primary,F,wake,0
6,2026101006,DC11304G,primary,F,wake,2
6,2026101006,DC11304H,primary,F,wake,1
6,2026101006,DC11304I,primary,F,wake+sleep,4
6,2026101006,DC11304J,primary,F,wake+sleep,2
6,2026101006,DC11304K,primary,F,sleep,4
6,2026101006,DC11304L,primary,F,wake+sleep,3
6,2026101006,DA00100F,sensitivity_only,F,wake,0
6,2026101006,DA00100H,sensitivity_only,F,sleep,4
6,2026101006,DA001036,sensitivity_only,E,wake,2
6,2026101006,DA001037,sensitivity_only,E,wake+sleep,3
6,2026101006,DA00103H,sensitivity_only,E,sleep,4
6,2026101006,DA00103K,sensitivity_only,E,sleep,0
6,2026101006,DA00103U,sensitivity_only,E,sleep,1
7,2026101007,DA001003,primary,F,wake,2
7,2026101007,DA001005,primary,F,wake,4
7,2026101007,DA001006,primary,F,wake+sleep,2
7,2026101007,DA001007,primary,F,wake+sleep,4
7,2026101007,DA001009,primary,F,wake,3
7,2026101007,DA00100A,primary,F,wake,2
7,2026101007,DA00100B,primary,F,wake,2
7,2026101007,DA00100C,primary,F,sleep,4
7,2026101007,DA00100D,primary,F,wake,0
7,2026101007,DA00100E,primary,F,wake,3
7,2026101007,DA00100I,primary,F,wake+sleep,0
7,2026101007,DA00100K,primary,F,wake+sleep,4
7,2026101007,DA00100L,primary,F,wake+sleep,1
7,2026101007,DA00100M,primary,F,wake,1
7,2026101007,DA00100N,primary,F,wake+sleep,2
7,2026101007,DA00100O,primary,F,wake,1
7,2026101007,DA00100P,primary,F,sleep,3
7,2026101007,DA00100Q,primary,F,wake,3
7,2026101007,DA00100R,primary,E,sleep,0
7,2026101007,DA00100S,primary,E,wake,3
7,2026101007,DA00100T,primary,E,sleep,2
7,2026101007,DA00100V,primary,E,sleep,3
7,2026101007,DA00100W,primary,E,wake,2
7,2026101007,DA00100X,primary,E,sleep,1
7,2026101007,DA00100Y,primary,E,wake+sleep,1
7,2026101007,DA00100Z,primary,N,wake+sleep,2
7,2026101007,DA001010,primary,E,wake,1
7,2026101007,DA00102Q,primary,E,sleep,3
7,2026101007,DA00102R,primary,E,wake+sleep,4
7,2026101007,DA00102S,primary,E,wake+sleep,2
7,2026101007,DA00102T,primary,E,wake+sleep,0
7,2026101007,DA00102V,primary,E,sleep,2
7,2026101007,DA00102W,primary,E,wake+sleep,3
7,2026101007,DA00102X,primary,N,sleep,3
7,2026101007,DA00102Y,primary,E,wake,4
7,2026101007,DA001030,primary,E,sleep,0
7,2026101007,DA001031,primary,E,sleep,1
7,2026101007,DA001032,primary,E,sleep,0
7,2026101007,DA001033,primary,E,sleep,3
7,2026101007,DA001034,primary,E,sleep,4
7,2026101007,DA001035,primary,E,sleep,2
7,2026101007,DA001038,primary,E,sleep,2
7,2026101007,DA001039,primary,E,sleep,1
7,2026101007,DA00103B,primary,E,wake,0
7,2026101007,DA00103C,primary,E,wake+sleep,0
7,2026101007,DA00103D,primary,E,sleep,1
7,2026101007,DA00103E,primary,E,sleep,0
7,2026101007,DA00103F,primary,E,sleep,4
7,2026101007,DA00103G,primary,N,wake,0
7,2026101007,DA00103I,primary,N,wake+sleep,3
7,2026101007,DA00103J,primary,E,wake+sleep,3
7,2026101007,DA00103L,primary,E,wake+sleep,4
7,2026101007,DA00103M,primary,E,sleep,4
7,2026101007,DA00103N,primary,E,wake,2
7,2026101007,DA00103O,primary,E,sleep,1
7,2026101007,DA00103P,primary,E,sleep,3
7,2026101007,DA00103R,primary,E,sleep,4
7,2026101007,DA00103S,primary,E,sleep,0
7,2026101007,DA00103V,primary,N,wake,1
7,2026101007,DC113049,primary,N,wake,4
7,2026101007,DC11304D,primary,F,wake,1
7,2026101007,DC11304E,primary,F,sleep,2
7,2026101007,DC11304F,primary,F,wake,4
7,2026101007,DC11304G,primary,F,wake,0
7,2026101007,DC11304H,primary,F,wake,0
7,2026101007,DC11304I,primary,F,wake+sleep,1
7,2026101007,DC11304J,primary,F,wake+sleep,0
7,2026101007,DC11304K,primary,F,sleep,1
7,2026101007,DC11304L,primary,F,wake+sleep,3
7,2026101007,DA00100F,sensitivity_only,F,wake,0
7,2026101007,DA00100H,sensitivity_only,F,sleep,4
7,2026101007,DA001036,sensitivity_only,E,wake,2
7,2026101007,DA001037,sensitivity_only,E,wake+sleep,3
7,2026101007,DA00103H,sensitivity_only,E,sleep,1
7,2026101007,DA00103K,sensitivity_only,E,sleep,0
7,2026101007,DA00103U,sensitivity_only,E,sleep,4
8,2026101008,DA001003,primary,F,wake,0
8,2026101008,DA001005,primary,F,wake,3
8,2026101008,DA001006,primary,F,wake+sleep,1
8,2026101008,DA001007,primary,F,wake+sleep,3
8,2026101008,DA001009,primary,F,wake,0
8,2026101008,DA00100A,primary,F,wake,3
8,2026101008,DA00100B,primary,F,wake,2
8,2026101008,DA00100C,primary,F,sleep,3
8,2026101008,DA00100D,primary,F,wake,1
8,2026101008,DA00100E,primary,F,wake,3
8,2026101008,DA00100I,primary,F,wake+sleep,0
8,2026101008,DA00100K,primary,F,wake+sleep,4
8,2026101008,DA00100L,primary,F,wake+sleep,2
8,2026101008,DA00100M,primary,F,wake,4
8,2026101008,DA00100N,primary,F,wake+sleep,1
8,2026101008,DA00100O,primary,F,wake,4
8,2026101008,DA00100P,primary,F,sleep,1
8,2026101008,DA00100Q,primary,F,wake,2
8,2026101008,DA00100R,primary,E,sleep,4
8,2026101008,DA00100S,primary,E,wake,2
8,2026101008,DA00100T,primary,E,sleep,2
8,2026101008,DA00100V,primary,E,sleep,2
8,2026101008,DA00100W,primary,E,wake,0
8,2026101008,DA00100X,primary,E,sleep,3
8,2026101008,DA00100Y,primary,E,wake+sleep,3
8,2026101008,DA00100Z,primary,N,wake+sleep,2
8,2026101008,DA001010,primary,E,wake,2
8,2026101008,DA00102Q,primary,E,sleep,2
8,2026101008,DA00102R,primary,E,wake+sleep,4
8,2026101008,DA00102S,primary,E,wake+sleep,2
8,2026101008,DA00102T,primary,E,wake+sleep,3
8,2026101008,DA00102V,primary,E,sleep,4
8,2026101008,DA00102W,primary,E,wake+sleep,1
8,2026101008,DA00102X,primary,N,sleep,3
8,2026101008,DA00102Y,primary,E,wake,1
8,2026101008,DA001030,primary,E,sleep,1
8,2026101008,DA001031,primary,E,sleep,2
8,2026101008,DA001032,primary,E,sleep,0
8,2026101008,DA001033,primary,E,sleep,1
8,2026101008,DA001034,primary,E,sleep,3
8,2026101008,DA001035,primary,E,sleep,1
8,2026101008,DA001038,primary,E,sleep,1
8,2026101008,DA001039,primary,E,sleep,0
8,2026101008,DA00103B,primary,E,wake,3
8,2026101008,DA00103C,primary,E,wake+sleep,4
8,2026101008,DA00103D,primary,E,sleep,4
8,2026101008,DA00103E,primary,E,sleep,3
8,2026101008,DA00103F,primary,E,sleep,0
8,2026101008,DA00103G,primary,N,wake,0
8,2026101008,DA00103I,primary,N,wake+sleep,3
8,2026101008,DA00103J,primary,E,wake+sleep,0
8,2026101008,DA00103L,primary,E,wake+sleep,0
8,2026101008,DA00103M,primary,E,sleep,4
8,2026101008,DA00103N,primary,E,wake,4
8,2026101008,DA00103O,primary,E,sleep,0
8,2026101008,DA00103P,primary,E,sleep,3
8,2026101008,DA00103R,primary,E,sleep,0
8,2026101008,DA00103S,primary,E,sleep,1
8,2026101008,DA00103V,primary,N,wake,1
8,2026101008,DC113049,primary,N,wake,4
8,2026101008,DC11304D,primary,F,wake,2
8,2026101008,DC11304E,primary,F,sleep,2
8,2026101008,DC11304F,primary,F,wake,0
8,2026101008,DC11304G,primary,F,wake,1
8,2026101008,DC11304H,primary,F,wake,1
8,2026101008,DC11304I,primary,F,wake+sleep,2
8,2026101008,DC11304J,primary,F,wake+sleep,4
8,2026101008,DC11304K,primary,F,sleep,4
8,2026101008,DC11304L,primary,F,wake+sleep,0
8,2026101008,DA00100F,sensitivity_only,F,wake,0
8,2026101008,DA00100H,sensitivity_only,F,sleep,4
8,2026101008,DA001036,sensitivity_only,E,wake,2
8,2026101008,DA001037,sensitivity_only,E,wake+sleep,3
8,2026101008,DA00103H,sensitivity_only,E,sleep,0
8,2026101008,DA00103K,sensitivity_only,E,sleep,1
8,2026101008,DA00103U,sensitivity_only,E,sleep,4
9,2026101009,DA001003,primary,F,wake,3
9,2026101009,DA001005,primary,F,wake,4
9,2026101009,DA001006,primary,F,wake+sleep,2
9,2026101009,DA001007,primary,F,wake+sleep,1
9,2026101009,DA001009,primary,F,wake,3
9,2026101009,DA00100A,primary,F,wake,0
9,2026101009,DA00100B,primary,F,wake,2
9,2026101009,DA00100C,primary,F,sleep,4
9,2026101009,DA00100D,primary,F,wake,1
9,2026101009,DA00100E,primary,F,wake,3
9,2026101009,DA00100I,primary,F,wake+sleep,4
9,2026101009,DA00100K,primary,F,wake+sleep,4
9,2026101009,DA00100L,primary,F,wake+sleep,0
9,2026101009,DA00100M,primary,F,wake,0
9,2026101009,DA00100N,primary,F,wake+sleep,3
9,2026101009,DA00100O,primary,F,wake,4
9,2026101009,DA00100P,primary,F,sleep,3
9,2026101009,DA00100Q,primary,F,wake,2
9,2026101009,DA00100R,primary,E,sleep,3
9,2026101009,DA00100S,primary,E,wake,1
9,2026101009,DA00100T,primary,E,sleep,0
9,2026101009,DA00100V,primary,E,sleep,4
9,2026101009,DA00100W,primary,E,wake,0
9,2026101009,DA00100X,primary,E,sleep,0
9,2026101009,DA00100Y,primary,E,wake+sleep,4
9,2026101009,DA00100Z,primary,N,wake+sleep,2
9,2026101009,DA001010,primary,E,wake,2
9,2026101009,DA00102Q,primary,E,sleep,1
9,2026101009,DA00102R,primary,E,wake+sleep,0
9,2026101009,DA00102S,primary,E,wake+sleep,3
9,2026101009,DA00102T,primary,E,wake+sleep,4
9,2026101009,DA00102V,primary,E,sleep,2
9,2026101009,DA00102W,primary,E,wake+sleep,2
9,2026101009,DA00102X,primary,N,sleep,3
9,2026101009,DA00102Y,primary,E,wake,3
9,2026101009,DA001030,primary,E,sleep,1
9,2026101009,DA001031,primary,E,sleep,3
9,2026101009,DA001032,primary,E,sleep,3
9,2026101009,DA001033,primary,E,sleep,0
9,2026101009,DA001034,primary,E,sleep,2
9,2026101009,DA001035,primary,E,sleep,2
9,2026101009,DA001038,primary,E,sleep,3
9,2026101009,DA001039,primary,E,sleep,0
9,2026101009,DA00103B,primary,E,wake,4
9,2026101009,DA00103C,primary,E,wake+sleep,3
9,2026101009,DA00103D,primary,E,sleep,1
9,2026101009,DA00103E,primary,E,sleep,4
9,2026101009,DA00103F,primary,E,sleep,2
9,2026101009,DA00103G,primary,N,wake,0
9,2026101009,DA00103I,primary,N,wake+sleep,3
9,2026101009,DA00103J,primary,E,wake+sleep,1
9,2026101009,DA00103L,primary,E,wake+sleep,0
9,2026101009,DA00103M,primary,E,sleep,1
9,2026101009,DA00103N,primary,E,wake,2
9,2026101009,DA00103O,primary,E,sleep,1
9,2026101009,DA00103P,primary,E,sleep,4
9,2026101009,DA00103R,primary,E,sleep,0
9,2026101009,DA00103S,primary,E,sleep,4
9,2026101009,DA00103V,primary,N,wake,4
9,2026101009,DC113049,primary,N,wake,1
9,2026101009,DC11304D,primary,F,wake,1
9,2026101009,DC11304E,primary,F,sleep,1
9,2026101009,DC11304F,primary,F,wake,0
9,2026101009,DC11304G,primary,F,wake,2
9,2026101009,DC11304H,primary,F,wake,1
9,2026101009,DC11304I,primary,F,wake+sleep,0
9,2026101009,DC11304J,primary,F,wake+sleep,2
9,2026101009,DC11304K,primary,F,sleep,2
9,2026101009,DC11304L,primary,F,wake+sleep,1
9,2026101009,DA00100F,sensitivity_only,F,wake,0
9,2026101009,DA00100H,sensitivity_only,F,sleep,4
9,2026101009,DA001036,sensitivity_only,E,wake,2
9,2026101009,DA001037,sensitivity_only,E,wake+sleep,3
9,2026101009,DA00103H,sensitivity_only,E,sleep,0
9,2026101009,DA00103K,sensitivity_only,E,sleep,1
9,2026101009,DA00103U,sensitivity_only,E,sleep,4
10,2026101010,DA001003,primary,F,wake,0
10,2026101010,DA001005,primary,F,wake,4
10,2026101010,DA001006,primary,F,wake+sleep,3
10,2026101010,DA001007,primary,F,wake+sleep,2
10,2026101010,DA001009,primary,F,wake,1
10,2026101010,DA00100A,primary,F,wake,4
10,2026101010,DA00100B,primary,F,wake,1
10,2026101010,DA00100C,primary,F,sleep,3
10,2026101010,DA00100D,primary,F,wake,3
10,2026101010,DA00100E,primary,F,wake,3
10,2026101010,DA00100I,primary,F,wake+sleep,1
10,2026101010,DA00100K,primary,F,wake+sleep,0
10,2026101010,DA00100L,primary,F,wake+sleep,2
10,2026101010,DA00100M,primary,F,wake,0
10,2026101010,DA00100N,primary,F,wake+sleep,1
10,2026101010,DA00100O,primary,F,wake,0
10,2026101010,DA00100P,primary,F,sleep,2
10,2026101010,DA00100Q,primary,F,wake,2
10,2026101010,DA00100R,primary,E,sleep,1
10,2026101010,DA00100S,primary,E,wake,2
10,2026101010,DA00100T,primary,E,sleep,0
10,2026101010,DA00100V,primary,E,sleep,0
10,2026101010,DA00100W,primary,E,wake,1
10,2026101010,DA00100X,primary,E,sleep,4
10,2026101010,DA00100Y,primary,E,wake+sleep,3
10,2026101010,DA00100Z,primary,N,wake+sleep,3
10,2026101010,DA001010,primary,E,wake,4
10,2026101010,DA00102Q,primary,E,sleep,0
10,2026101010,DA00102R,primary,E,wake+sleep,3
10,2026101010,DA00102S,primary,E,wake+sleep,4
10,2026101010,DA00102T,primary,E,wake+sleep,1
10,2026101010,DA00102V,primary,E,sleep,2
10,2026101010,DA00102W,primary,E,wake+sleep,2
10,2026101010,DA00102X,primary,N,sleep,3
10,2026101010,DA00102Y,primary,E,wake,0
10,2026101010,DA001030,primary,E,sleep,3
10,2026101010,DA001031,primary,E,sleep,4
10,2026101010,DA001032,primary,E,sleep,2
10,2026101010,DA001033,primary,E,sleep,3
10,2026101010,DA001034,primary,E,sleep,2
10,2026101010,DA001035,primary,E,sleep,1
10,2026101010,DA001038,primary,E,sleep,0
10,2026101010,DA001039,primary,E,sleep,3
10,2026101010,DA00103B,primary,E,wake,3
10,2026101010,DA00103C,primary,E,wake+sleep,0
10,2026101010,DA00103D,primary,E,sleep,1
10,2026101010,DA00103E,primary,E,sleep,0
10,2026101010,DA00103F,primary,E,sleep,1
10,2026101010,DA00103G,primary,N,wake,1
10,2026101010,DA00103I,primary,N,wake+sleep,2
10,2026101010,DA00103J,primary,E,wake+sleep,0
10,2026101010,DA00103L,primary,E,wake+sleep,4
10,2026101010,DA00103M,primary,E,sleep,2
10,2026101010,DA00103N,primary,E,wake,2
10,2026101010,DA00103O,primary,E,sleep,4
10,2026101010,DA00103P,primary,E,sleep,3
10,2026101010,DA00103R,primary,E,sleep,4
10,2026101010,DA00103S,primary,E,sleep,1
10,2026101010,DA00103V,primary,N,wake,4
10,2026101010,DC113049,primary,N,wake,0
10,2026101010,DC11304D,primary,F,wake,1
10,2026101010,DC11304E,primary,F,sleep,4
10,2026101010,DC11304F,primary,F,wake,2
10,2026101010,DC11304G,primary,F,wake,2
10,2026101010,DC11304H,primary,F,wake,3
10,2026101010,DC11304I,primary,F,wake+sleep,0
10,2026101010,DC11304J,primary,F,wake+sleep,4
10,2026101010,DC11304K,primary,F,sleep,1
10,2026101010,DC11304L,primary,F,wake+sleep,4
10,2026101010,DA00100F,sensitivity_only,F,wake,0
10,2026101010,DA00100H,sensitivity_only,F,sleep,4
10,2026101010,DA001036,sensitivity_only,E,wake,2
10,2026101010,DA001037,sensitivity_only,E,wake+sleep,3
10,2026101010,DA00103H,sensitivity_only,E,sleep,4
10,2026101010,DA00103K,sensitivity_only,E,sleep,0
10,2026101010,DA00103U,sensitivity_only,E,sleep,1
